loc,popgroup,pop_frac,pm,cdf_popenv_by_popgrp,pmf_popenv_by_popgrp
loc61,1,1.9590417865772263e-7,6.5054820508098645,0.025092076524172276,0.025092076524172276
loc137,1,4.633280852080148e-45,7.127614797556881,0.025092076524172276,5.934464414947498e-40
loc33,1,1.1329060058321679e-7,7.393063341857737,0.03960272371291947,0.014510647188747198
loc73,1,1.1556312328578448e-8,8.497141934334714,0.041082895678993536,0.0014801719660740636
loc22,1,1.0930986505856346e-8,8.510882162533118,0.042482973777219595,0.0014000780982260565
loc105,1,8.308845918600568e-17,8.660622681619051,0.042482973787861845,1.0642253730653811e-11
loc87,1,1.0635319509926087e-11,9.553441303024758,0.042484335995921066,1.3622080592182812e-6
loc15,1,4.899865290744714e-10,9.772744947293202,0.042547095144641583,6.27591487205142e-5
loc119,1,9.686394678694945e-26,9.80714131239609,0.042547095144641583,1.2406665247595395e-20
loc68,1,8.35686368537455e-8,9.81891695809218,0.053250851671543434,0.010703756526901854
loc23,1,1.6869524596154344e-8,9.841270762040564,0.05541155801784691,0.0021607063463034756
loc4,1,3.922878699014645e-12,10.029731119011675,0.055412060473553494,5.024557065865352e-7
loc107,1,3.7032061384321164e-18,10.219740705582709,0.055412060474027816,4.743192944989292e-13
loc1,1,1.270575377625238e-12,10.259861042484232,0.0554122232136632,1.6273963538472373e-7
loc135,1,6.646927733015047e-38,10.576307755627608,0.0554122232136632,8.513612137843072e-33
loc128,1,3.5673611321868154e-30,10.631435463417674,0.0554122232136632,4.569198019741209e-25
loc49,1,2.928645586612136e-7,11.159585326591587,0.09292331648127701,0.03751109326761381
loc113,1,3.779427031614983e-20,11.315462767657522,0.09292331648128185,4.8408192691233355e-15
loc126,1,2.4672444397072283e-28,11.436800078861564,0.09292331648128185,3.160130973680579e-23
loc120,1,3.515016871234292e-26,11.582868577739356,0.09292331648128185,4.502153701931289e-21
loc30,1,5.2089717490651e-8,11.650056713030128,0.09959514546600987,0.006671828984728018
loc81,1,2.788090787954889e-10,11.707843660312864,0.09963085628539466,3.571081938478398e-5
loc79,1,6.684363376839472e-10,11.978692602464356,0.09971647189528936,8.561560989470954e-5
loc136,1,1.601766964167143e-39,11.990493933669947,0.09971647189528936,2.0515978533053456e-34
loc62,1,1.7160119325751815e-7,12.292262125315156,0.12169573901638496,0.021979267121095596
loc11,1,9.314654968372577e-11,12.706259430288071,0.1217076695447108,1.1930528325841439e-5
loc78,1,1.3158177294839234e-9,13.09926467379979,0.12187620397509556,1.6853443038475837e-4
loc111,1,3.629313568075757e-19,13.39775770612417,0.12187620397514204,4.648548816280378e-14
loc139,1,3.509950954706665e-48,13.619630671445483,0.12187620397514204,4.4956651029617704e-43
loc70,1,5.76652048259529e-8,13.658652973168122,0.12926216042685676,0.007385956451714714
loc134,1,3.5320732462654934e-37,13.826703240054773,0.12926216042685676,4.524000089815421e-32
loc95,1,4.1188984034702984e-13,13.92398810650927,0.12926221318311476,5.275625800496092e-8
loc5,1,7.555246673767003e-12,14.052798684357782,0.1292631808849218,9.677018070573274e-7
loc92,1,1.6519344723697349e-12,14.373654008447904,0.129263392470333,2.115854111822721e-7
loc51,1,3.25181861368521e-7,14.40426845640002,0.1709137962832486,0.0416504038129156
loc37,1,1.4233314668197887e-7,14.43561544316128,0.18914431200241733,0.018230515719168727
loc122,1,9.583245381612664e-27,14.575154971883348,0.18914431200241733,1.2274548103717354e-21
loc32,1,8.305795862778344e-8,14.925983799510716,0.19978265911736653,0.010638347114949204
loc69,1,7.064780973138735e-8,15.297706250337782,0.20883147196143728,0.009048812844070763
loc108,1,2.1879719088236403e-18,15.354625145761624,0.20883147196171753,2.8024291745641053e-13
loc31,1,7.457692724338467e-8,15.41903666978217,0.21838353960085705,0.009552067639139504
loc133,1,6.577008365063053e-37,15.66913466865259,0.21838353960085705,8.424057022521184e-32
loc21,1,7.625510193843896e-9,15.84253000167424,0.21936024099962653,9.767013987694952e-4
loc91,1,2.7337741811515875e-12,15.85336694930975,0.2193605911507638,3.501511372716089e-7
loc27,1,2.2175631700814035e-8,15.935869555647374,0.22220092182375506,0.0028403306729912446
loc82,1,1.6289023845562738e-10,16.107951798556133,0.22222178536202347,2.0863538268422486e-5
loc138,1,1.77142397376214e-47,16.231704852258247,0.22222178536202347,2.2689003476568146e-42
loc39,1,1.5959210615936602e-7,16.248660041996683,0.2426628875776182,0.02044110221559472
loc57,1,2.878370659625443e-7,16.336677165510828,0.27953004240357104,0.03686715482595283
loc109,1,1.516726890405346e-18,16.692227547638765,0.2795300424037653,1.9426756213717212e-13
loc28,1,3.113725462777402e-8,17.044166164407702,0.28351820835931546,0.003988165955550147
loc6,1,1.0572724554993883e-11,17.081046786221755,0.283519562549999,1.3541906835300875e-6
loc121,1,1.885619638492564e-26,17.487369735909002,0.283519562549999,2.415166056626242e-21
loc52,1,1.997761045146138e-7,17.66769123773117,0.3091075685666543,0.02558800601665533
loc43,1,2.844483497228311e-7,17.72884616029845,0.345540685038815,0.03643311647216074
loc90,1,3.925233959506489e-12,17.842194000308627,0.3455411877961914,5.027573763972591e-7
loc63,1,1.5687516348983636e-7,18.168984753442903,0.36563429471202924,0.0200931069158378
loc140,1,7.417797439417043e-57,18.340173026973098,0.36563429471202924,9.500968395159056e-52
loc112,1,1.7548968297516824e-19,18.359326206094156,0.3656342947120517,2.2477318169456362e-14
loc100,1,1.4063336032699272e-14,18.43701087849412,0.36563429651333185,1.8012801275371307e-9
loc71,1,2.3294381694483566e-8,18.448923146993643,0.3686179205078077,0.002983623994475822
loc38,1,1.4010109684034554e-7,18.7252715132586,0.3865625476572901,0.017944627149482403
loc77,1,2.3896116158225383e-9,18.982795593712297,0.38686861727733646,3.060696200463942e-4
loc103,1,2.3652513699790256e-16,19.18314247497054,0.3868686173076314,3.0294947653010386e-11
loc96,1,1.4908066342455943e-13,19.29264705320117,0.3868686364023921,1.909476071696827e-8
loc65,1,1.1340184271326979e-7,19.65295181001958,0.4013935318632238,0.01452489546083168
loc72,1,1.56424818644921e-8,19.68031804774619,0.40339707438417016,0.002003542520946325
loc40,1,1.600122000878156e-7,19.700265494641584,0.42389198366540387,0.020494909281233754
loc25,1,1.8881960796533283e-8,19.72884762014308,0.42631044971589493,0.0024184660504910425
loc41,1,2.0530734811390848e-7,19.796972856270337,0.452606916310667,0.026296466594772097
loc75,1,4.39830983335279e-9,19.885536700323872,0.45317026686128664,5.633505506195953e-4
loc131,1,3.415227204899439e-35,20.12627286195111,0.45317026686128664,4.3743396878989226e-30
loc104,1,1.5822846851446994e-16,20.78952790866185,0.45317026688155304,2.0266442847063552e-11
loc84,1,7.583994530288868e-11,20.830707999676516,0.45317998072086046,9.713839307399102e-6
loc44,1,3.213017854742886e-7,20.941338138609954,0.4943334111566651,0.04115343043580465
loc114,1,1.9694614086414086e-20,21.075709980631583,0.4943334111566676,2.5225534603514325e-15
loc47,1,2.234090463729541e-7,21.30783233127111,0.5229484051103024,0.02861499395363476
loc101,1,5.1229231316202085e-15,21.30785250539232,0.5229484057664638,6.561614975587417e-10
loc46,1,2.9970834518630083e-7,21.33664253472704,0.5613360745945338,0.03838766882806992
loc89,1,4.955506860222871e-12,21.63179885130597,0.5613367093127833,6.347182495276052e-7
loc35,1,1.0851581732303658e-7,21.87430425041652,0.5752357859481525,0.013899076635369136
loc24,1,1.6308055468631858e-8,22.289550025148017,0.5773245774103004,0.0020887914621479453
loc80,1,4.0606651635954616e-10,22.443775427271035,0.5773765877970732,5.20103867728098e-5
loc127,1,8.751541992917797e-29,22.604493316933393,0.5773765877970732,1.1209273987691124e-23
loc8,1,1.845436387381399e-11,22.766131035993247,0.5773789514950489,2.3636979757113873e-6
loc76,1,3.847687590606252e-9,22.991303545513148,0.5778717764675744,4.928249725253842e-4
loc34,1,9.570748154793346e-8,23.29122228619803,0.5901303176962042,0.012258541228629807
loc124,1,2.5887093204952874e-27,23.498150761281433,0.5901303176962042,3.3157073429349826e-22
loc129,1,7.639055976335868e-33,23.519769981850864,0.5901303176962042,9.784363888712745e-28
loc110,1,5.897613350337591e-19,23.9748679317842,0.5901303176962797,7.55386467560769e-14
loc130,1,8.19880102751587e-34,23.994033416947957,0.5901303176962797,1.0501304474384202e-28
loc18,1,1.8718364006895056e-9,24.379476779994977,0.590370068897753,2.3975120147331662e-4
loc42,1,2.6932913496465086e-7,24.447273302485783,0.6248666646877261,0.03449659578997315
loc50,1,3.0432484347819436e-7,24.64365046881912,0.6638456303896432,0.038978965701917064
loc98,1,7.633505545662933e-14,25.82372817631102,0.663845640166898,9.777254707472118e-9
loc59,1,1.7370843591452162e-7,26.333697920862782,0.6860948101270591,0.022249169960161182
loc10,1,5.128201125206129e-11,26.75221683383964,0.6861013785022692,6.5683752100989726e-6
loc60,1,1.92002206415629e-7,26.804646070337668,0.7106936770902859,0.0245922985880167
loc55,1,2.449063035480745e-7,27.362630052639567,0.7420621131899423,0.03136843609965643
loc2,1,1.563118859635052e-12,27.409448146648263,0.7420623133995464,2.002096040578432e-7
loc53,1,2.060388410949403e-7,28.20194857613279,0.768452472114531,0.026390158714984676
loc7,1,1.040189846596321e-11,28.369694995108727,0.7684538044252255,1.3323106944065694e-6
loc85,1,3.9419265924198216e-11,28.62866972449109,0.7684588533794839,5.048954258524628e-6
loc56,1,2.7740849348882455e-7,28.95453591397163,0.803990281012983,0.03553142763349901
loc48,1,2.753876981636521e-7,29.51879292769392,0.8392628782770313,0.03527259726404829
loc3,1,2.1558290609349803e-12,29.97720718630224,0.8392631544029829,2.761259516803194e-7
loc97,1,1.1218646243631644e-13,30.117259445949784,0.8392631687722084,1.4369225402519316e-8
loc115,1,1.0212207767416986e-20,30.185149093350244,0.8392631687722096,1.3080144616439103e-15
loc86,1,1.8587901241496754e-11,30.730470972782225,0.8392655495741077,2.380801898004881e-6
loc117,1,2.1444604054556622e-23,30.73560457690763,0.8392655495741077,2.7466981544464267e-18
loc123,1,4.829588987149807e-27,30.82843225641902,0.8392655495741077,6.185902581363111e-22
loc102,1,1.138891679248229e-15,31.029901731552663,0.8392655497199808,1.458731373891146e-10
loc64,1,1.5009895464664758e-7,31.43635719659614,0.8584907366557444,0.019225186935763586
loc54,1,2.308731533791318e-7,31.450733957865847,0.8880617589364259,0.029571022280681564
loc88,1,6.776419314904008e-12,31.825405949338784,0.888062626883364,8.679469380105925e-7
loc116,1,3.033634600785625e-21,32.83419056414057,0.8880626268833643,3.88558284314519e-16
loc13,1,1.9477056559069076e-10,32.92931048083315,0.8880875737628539,2.4946879489470615e-5
loc9,1,3.334257574086309e-11,33.23741288033187,0.8880918443938722,4.270631018363764e-6
loc106,1,7.503460887983521e-18,35.10971149949483,0.8880918443948332,9.610689066840596e-13
loc99,1,2.0604501758376303e-14,35.23399275249702,0.8880918470339283,2.6390949820775535e-9
loc26,1,1.8433771433619675e-8,35.41524164084468,0.8904529074595439,0.002361060425615644
loc132,1,1.414165211319054e-36,35.680247453251866,0.8904529074595439,1.8113111186993637e-31
loc118,1,2.7800215337576923e-25,36.732933511644504,0.8904529074595439,3.5607465620103536e-20
loc125,1,1.0605590527116413e-27,37.01158750046242,0.8904529074595439,1.3584002695286622e-22
loc12,1,1.3949964341646622e-10,38.688744742192526,0.8904707750504839,1.7867590940040066e-5
loc93,1,1.1330290336081866e-12,39.61719904462325,0.8904709201727137,1.4512222970535833e-7
loc94,1,6.80115703890861e-13,40.709399370216154,0.8904710072842567,8.711154302194383e-8
loc74,1,5.697539385948737e-9,41.349202214519785,0.8912007675948904,7.297603106337597e-4
loc29,1,4.6749091453504997e-8,42.193650086043554,0.8971885509501213,0.005987783355230815
loc20,1,4.647491184126001e-9,43.33417809125323,0.8977838174994951,5.952665493738747e-4
loc58,1,1.8031288017102537e-7,43.76815792116223,0.920878907244621,0.02309508974512586
loc67,1,8.84380816677276e-8,43.888385296101376,0.9322063589001303,0.011327451655509342
loc66,1,1.1645336071728852e-7,45.77114971662209,0.9471221032126627,0.014915744312532316
loc14,1,3.019404455324716e-10,45.92292018727608,0.9471607767765292,3.867356386654995e-5
loc17,1,1.1161195296258191e-9,47.86899881095029,0.9473037331791918,1.42956402662676e-4
loc36,1,1.0628939545040361e-7,49.790597431296696,0.9609176420943726,0.013613908915180767
loc16,1,7.016615568828061e-10,53.179778308309075,0.9610075133038588,8.987120948621576e-5
loc83,1,1.192045626275584e-10,55.16437662901261,0.9610227814315118,1.5268127652892573e-5
loc45,1,3.0121234945615115e-7,56.79437600205908,0.9996030882650103,0.03858030683349859
loc19,1,3.0988534315938187e-9,62.80388822971769,0.9999999999999999,3.9691173498958315e-4
loc61,10,0.004069235234633806,6.5054820508098645,0.03159107377743742,0.03159107377743742
loc137,10,1.1681531249375992e-24,7.127614797556881,0.03159107377743742,9.068832206887324e-24
loc33,10,8.004278198019584e-7,7.393063341857737,0.03159728781345422,6.214036016807612e-6
loc73,10,0.005344498056551877,8.497141934334714,0.07308872850749293,0.0414914406940387
loc22,10,3.617139367283058e-10,8.510882162533118,0.07308873131562049,2.808127572536257e-9
loc105,10,4.142182999040092e-7,8.660622681619051,0.07309194705521718,3.215739596683659e-6
loc87,10,4.319388605525098e-4,9.553441303024758,0.076445258334673,0.003353311279455819
loc15,10,3.2299437405482648e-12,9.772744947293202,0.07644525835974832,2.5075323769974883e-11
loc119,10,1.7551417383923743e-12,9.80714131239609,0.07644525837337418,1.3625855707602747e-11
loc68,10,0.0063076788085059884,9.81891695809218,0.12541425011607527,0.04896899174270109
loc23,10,6.30562151334606e-10,9.841270762040564,0.1254142550113773,4.895302015112877e-9
loc4,10,8.472504853782204e-19,10.029731119011675,0.1254142550113773,6.5775387875706506e-18
loc107,10,7.68083467239669e-8,10.219740705582709,0.1254148513047858,5.962934085078005e-7
loc1,10,3.112801282219284e-36,10.259861042484232,0.1254148513047858,2.4165900787483124e-35
loc135,10,1.4421751408769815e-20,10.576307755627608,0.1254148513047858,1.1196172904349405e-19
loc128,10,1.0899895076101641e-15,10.631435463417674,0.12541485130479427,8.462017299583348e-15
loc49,10,4.8559267708782e-4,11.159585326591587,0.1291846982669705,0.003769846962176213
loc113,10,2.963802092383392e-9,11.315462767657522,0.12918472127613195,2.3009161467322476e-8
loc126,10,1.5776297858103178e-14,11.436800078861564,0.1291847212762544,1.2247760594627207e-13
loc120,10,8.409110506796731e-13,11.582868577739356,0.12918472128278274,6.528323262362245e-12
loc30,10,1.798394524167616e-7,11.650056713030128,0.12918611744719247,1.3961644097243072e-6
loc81,10,0.0017995101470100726,11.707843660312864,0.14315642256339653,0.013970305116204049
loc79,10,0.0025119968603160236,11.978692602464356,0.16265804229467165,0.019501619731275135
loc136,10,1.4834925325911584e-21,11.990493933669947,0.16265804229467165,1.1516936068598205e-20
loc62,10,0.004486800656046936,12.292262125315156,0.19749084068967251,0.03483279839500085
loc11,10,5.389994249305121e-14,12.706259430288071,0.19749084069009096,4.1844645534502924e-13
loc78,10,0.003076709633282824,13.09926467379979,0.22137654781007682,0.023885707119985878
loc111,10,1.2409932101461094e-8,13.39775770612417,0.22137664415326122,9.634318440318101e-8
loc139,10,1.3039080712570864e-26,13.619630671445483,0.22137664415326122,1.0122751254950643e-25
loc70,10,0.006427739054911849,13.658652973168122,0.2712777108150192,0.04990106666175801
loc134,10,4.671376001640064e-20,13.826703240054773,0.2712777108150192,3.6265729406336995e-19
loc95,10,5.5292578876215224e-5,13.92398810650927,0.2717069688544062,4.29258039386972e-4
loc5,10,1.7269337924454205e-18,14.052798684357782,0.2717069688544062,1.3406866327501113e-17
loc92,10,1.334171076187951e-4,14.373654008447904,0.2727427383410373,0.0010357694866310562
loc51,10,7.755058465544204e-4,14.40426845640002,0.2787632952763602,0.006020556935322871
loc37,10,7.29128613921524e-6,14.43561544316128,0.2788199003987173,5.660512235712121e-5
loc122,10,2.720609398464133e-13,14.575154971883348,0.2788199004008294,2.1121160923547467e-12
loc32,10,5.203937269451033e-7,14.925983799510716,0.27882394042203074,4.0400212013591805e-6
loc69,10,0.006410414312757219,15.297706250337782,0.3285905082956814,0.049766567873650656
loc108,10,5.0297261711493505e-8,15.354625145761624,0.3285908987731087,3.904774273079987e-7
loc31,10,2.7644015512286624e-7,15.41903666978217,0.3285930448867718,2.146113663128793e-6
loc133,10,8.644904920598775e-20,15.66913466865259,0.3285930448867718,6.711379740870259e-19
loc21,10,1.731135055813854e-10,15.84253000167424,0.32859304623072005,1.3439482387615066e-9
loc91,10,1.7854186772387268e-4,15.85336694930975,0.32997913698006304,0.0013860907493429564
loc27,10,3.4812102083691666e-8,15.935869555647374,0.329979407240105,2.7026004196401627e-7
loc82,10,0.001461221607037562,16.107951798556133,0.3413234453532674,0.01134403811316241
loc138,10,4.2480988276522994e-26,16.231704852258247,0.3413234453532674,3.2979662206794523e-25
loc39,10,1.8158623346372317e-5,16.248660041996683,0.341464417889077,1.409725358095619e-4
loc57,10,0.0024263669745666436,16.336677165510828,0.36030125913440014,0.018836841245323185
loc109,10,3.5072728245049806e-8,16.692227547638765,0.36030153141778554,2.7228338537304787e-7
loc28,10,5.836386680082903e-8,17.044166164407702,0.3603019845194412,4.5310165564990813e-7
loc6,10,3.5015646108027354e-17,17.081046786221755,0.36030198451944145,2.7184023428984133e-16
loc121,10,4.860019310356519e-13,17.487369735909002,0.3603019845232145,3.773024161555012e-12
loc52,10,0.0010333491446482116,17.66769123773117,0.36832428040539666,0.0080222958821822
loc43,10,7.487631170850924e-5,17.72884616029845,0.3689055746661053,5.812942607086176e-4
loc90,10,2.2663039853451782e-4,17.842194000308627,0.3706649955959593,0.0017594209298539816
loc63,10,0.004886845157812317,18.168984753442903,0.40860349681736985,0.03793850122141059
loc140,10,1.7761310663452652e-31,18.340173026973098,0.40860349681736985,1.37888041167424e-30
loc112,10,7.274197785521459e-9,18.359326206094156,0.4086035532898286,5.647245874561983e-8
loc100,10,7.524897551962619e-6,18.43701087849412,0.4086619720294749,5.8418739646321243e-5
loc71,10,0.005920686855377249,18.448923146993643,0.454626593015108,0.04596462098563307
loc38,10,1.2097697165591093e-5,18.7252715132586,0.4547205121968851,9.391918177708307e-5
loc77,10,0.0036407656571179354,18.982795593712297,0.48298520810373735,0.028264695906852252
loc103,10,9.171448620168822e-7,19.18314247497054,0.482992328260064,7.120156326666708e-6
loc96,10,3.358485854300876e-5,19.29264705320117,0.48325306072768026,2.60732467616232e-4
loc65,10,0.005582620537760448,19.65295181001958,0.5265931399098311,0.04334007918215092
loc72,10,0.0056254492067402875,19.68031804774619,0.5702657148961116,0.043672574986280396
loc40,10,2.82101494883715e-5,19.700265494641584,0.570484721383172,2.190064870604319e-4
loc25,10,5.953271150878774e-9,19.72884762014308,0.5704847676007577,4.621758568878255e-8
loc41,10,3.873979315212298e-5,19.796972856270337,0.5707855198534599,3.007522527022244e-4
loc75,10,0.0043807432781047765,19.885536700323872,0.6047949531053753,0.034009433251915466
loc131,10,1.214152362562188e-18,20.12627286195111,0.6047949531053753,9.425942382562639e-18
loc104,10,6.492860080277554e-7,20.78952790866185,0.6047999937680552,5.040662679730409e-6
loc84,10,0.0010144865312897114,20.830707999676516,0.6126758517630462,0.007875857994991025
loc44,10,1.032473463745723e-4,20.941338138609954,0.6134774015257345,8.015497626883375e-4
loc114,10,1.7705901001453627e-9,21.075709980631583,0.6134774152715219,1.3745787416569953e-8
loc47,10,2.983218433238669e-4,21.30783233127111,0.6157934050874101,0.0023159898158882195
loc101,10,4.3437224116885765e-6,21.30785250539232,0.6158271271131137,3.372202570361135e-5
loc46,10,2.056601465859366e-4,21.33664253472704,0.6174237477283532,0.0015966206152394108
loc89,10,2.743517909911451e-4,21.63179885130597,0.6195536485992604,0.0021299008709073338
loc35,10,2.8811065980812362e-6,21.87430425041652,0.6195760157630769,2.2367163816430674e-5
loc24,10,2.3894072326793193e-9,22.289550025148017,0.6195760343129851,1.854990823078032e-8
loc80,10,0.002105952945325993,22.443775427271035,0.6359253754130929,0.016349341100107745
loc127,10,7.183823474234187e-15,22.604493316933393,0.6359253754131486,5.577084741797728e-14
loc8,10,4.1369239566037316e-15,22.766131035993247,0.6359253754131807,3.211656795173643e-14
loc76,10,0.004144063386050916,22.991303545513148,0.6680973695640406,0.03217199415085984
loc34,10,1.730908879067081e-6,23.29122228619803,0.6681108072905292,1.3437726488562281e-5
loc124,10,8.582022157602441e-14,23.498150761281433,0.6681108072911954,6.662561378435996e-13
loc129,10,3.537143949854587e-17,23.519769981850864,0.6681108072911957,2.74602398333279e-16
loc110,10,1.8951653505110494e-8,23.9748679317842,0.6681109544203365,1.4712914087362997e-7
loc130,10,8.438168573400296e-18,23.994033416947957,0.6681109544203366,6.550882182477993e-17
loc18,10,2.9930672789315975e-11,24.379476779994977,0.6681109546527002,2.323635862208171e-10
loc42,10,5.199494353897331e-5,24.447273302485783,0.6685146118518253,4.0365719912508705e-4
loc50,10,6.194788415041025e-4,24.64365046881912,0.6733238697730569,0.004809257921231649
loc98,10,1.934962066836668e-5,25.82372817631102,0.673474088489561,1.5021871650406293e-4
loc59,10,0.003261292950576905,26.333697920862782,0.6987927885083333,0.025318700018772223
loc10,10,2.950151509967142e-14,26.75221683383964,0.6987927885085623,2.2903186626510517e-13
loc60,10,0.0036578330262448653,26.804646070337668,0.7271899851154691,0.028397196606906795
loc55,10,0.0017852065704605327,27.362630052639567,0.7410492459405464,0.01385926082507734
loc2,10,1.0894256888006967e-21,27.409448146648263,0.7410492459405464,8.457640152384928e-21
loc53,10,0.0012589376616174918,28.20194857613279,0.7508228742161631,0.009773628275616699
loc7,10,1.7729426801938238e-15,28.369694995108727,0.7508228742161769,1.3764051420883517e-14
loc85,10,7.728751087752706e-4,28.62866972449109,0.7568230076993083,0.006000133483131444
loc56,10,0.002084733716948743,28.95453591397163,0.7730076155828498,0.01618460788354148
loc48,10,3.76988206113123e-4,29.51879292769392,0.7759343233168192,0.0029267077339693763
loc3,10,2.195601794256021e-19,29.97720718630224,0.7759343233168192,1.7045320378107317e-18
loc97,10,2.602727605757823e-5,30.117259445949784,0.7761363832987939,2.020599819746418e-4
loc115,10,1.0492377418766222e-9,30.185149093350244,0.7761363914444391,8.145645312313603e-9
loc86,10,5.648511802416466e-4,30.730470972782225,0.7805215533432676,0.00438516189882846
loc117,10,3.817596983837077e-11,30.73560457690763,0.7805215536396427,2.96375070535269e-10
loc123,10,1.508748760557209e-13,30.82843225641902,0.780521553640814,1.1713010100943272e-12
loc102,10,2.0457930267174266e-6,31.029901731552663,0.7805374359368018,1.5882295987789757e-5
loc64,10,0.005266985468798238,31.43635719659614,0.8214271159222031,0.04088967998540135
loc54,10,0.001503517715167922,31.450733957865847,0.8330995153601354,0.011672399437932302
loc88,10,3.382344223672154e-4,31.825405949338784,0.8357253622269197,0.0026258468667843425
loc116,10,4.808845283837225e-10,32.83419056414057,0.8357253659602155,3.733295751816e-9
loc13,10,6.263826574598029e-13,32.92931048083315,0.8357253659650784,4.8628549601411e-12
loc9,10,8.523752461450904e-15,33.23741288033187,0.8357253659651446,6.617324321250292e-14
loc106,10,1.2588408067974496e-7,35.10971149949483,0.8357263432527798,9.772876353550456e-7
loc99,10,1.0257848651558754e-5,35.23399275249702,0.8358059789668303,7.963571405041704e-5
loc26,10,1.6979578758010048e-8,35.41524164084468,0.8358061107859792,1.3181914888790544e-7
loc132,10,1.7177303877228542e-19,35.680247453251866,0.8358061107859792,1.3335416676441467e-18
loc118,10,3.71437805629724e-12,36.732933511644504,0.8358061108148154,2.8836177917431288e-11
loc125,10,4.249436125127656e-14,37.01158750046242,0.8358061108151452,3.299004417312736e-13
loc12,10,1.7495694505038845e-13,38.688744742192526,0.8358061108165035,1.3582595844841276e-12
loc93,10,1.0307943884648855e-4,39.61719904462325,0.8366063570470043,8.002462305006835e-4
loc94,10,7.567951790758961e-5,40.709399370216154,0.8371938869133808,5.875298663766507e-4
loc74,10,0.004695048185839227,41.349202214519785,0.8736433927972103,0.03644950588382937
loc29,10,8.925635502522368e-8,42.193650086043554,0.8736440857294037,6.929321934274305e-7
loc20,10,1.0536346965664316e-10,43.33417809125323,0.8736440865473817,8.179780601131408e-10
loc58,10,0.0028674382805032343,43.76815792116223,0.89590513783796355,0.02226105129058183
loc67,10,0.006104016422141109,43.888385296101376,0.9432930183638487,0.04738788052588522
loc66,10,0.005904663099221409,45.77114971662209,0.9891332406274315,0.045840222263582704
loc14,10,1.5450475226100985e-12,45.92292018727608,0.9891332406394263,1.1994811669032189e-11
loc17,10,1.734358011487604e-11,47.86899881095029,0.9891332407740713,1.3464503460273698e-10
loc36,10,5.0798592430478835e-6,49.790597431296696,0.9891726777195593,3.94369454880051e-5
loc16,10,8.651687374766297e-12,53.179778308309075,0.9891726777867258,6.716645226831223e-11
loc83,10,0.0012458672220329117,55.16437662901261,0.9988448350985344,0.009672157311808639
loc45,10,1.4879633808026355e-4,56.79437600205908,0.9999999996007235,0.0011551645021891047
loc19,10,5.143065104076772e-11,62.80388822971769,0.9999999999999999,3.9927637449466443e-10
loc61,11,0.003548508422915755,6.5054820508098645,0.02484616748684872,0.02484616748684872
loc137,11,6.239642591863403e-23,7.127614797556881,0.02484616748684872,4.368911847421407e-22
loc33,11,2.873981833588884e-7,7.393063341857737,0.024848179809365142,2.0123225164232697e-6
loc73,11,0.00657923445035318,8.497141934334714,0.07091507372824737,0.04606689391888223
loc22,11,7.156527985847987e-11,8.510882162533118,0.07091507422933761,5.010902378374336e-10
loc105,11,1.4307524240552085e-6,8.660622681619051,0.07092509216085237,1.0017931514751959e-5
loc87,11,8.742678430185381e-4,9.553441303024758,0.07704659524528235,0.006121503084429981
loc15,11,5.341670338800949e-13,9.772744947293202,0.0770465952490225,3.740164037382397e-12
loc119,11,1.5074892756975312e-11,9.80714131239609,0.07704659535457484,1.0555232386297298e-10
loc68,11,0.0063484034788882995,9.81891695809218,0.1214972425876296,0.04445064723305477
loc23,11,1.2645760103866234e-10,9.841270762040564,0.12149724347306833,8.854387142217847e-10
loc4,11,4.4484081891845056e-20,10.029731119011675,0.12149724347306833,3.1147141769366357e-19
loc107,11,3.108401973655408e-7,10.219740705582709,0.12149941993333978,2.1764602714521142e-6
loc1,11,2.1406121265934766e-39,10.259861042484232,0.12149941993333978,1.498827143209056e-38
loc135,11,3.516402657077456e-19,10.576307755627608,0.12149941993333978,2.4621367334153446e-18
loc128,11,1.2814137433855434e-14,10.631435463417674,0.1214994199334295,8.972282630780968e-14
loc49,11,3.19757181959549e-4,11.159585326591587,0.12373831570348988,0.0022388957700603803
loc113,11,1.3904485594865315e-8,11.315462767657522,0.12373841306078391,9.735729403303175e-8
loc126,11,1.5588213441190868e-13,11.436800078861564,0.12373841306187537,1.0914652462972884e-12
loc120,11,7.449037573007411e-12,11.582868577739356,0.12373841311403251,5.2157135645938184e-11
loc30,11,5.963370317521428e-8,11.650056713030128,0.12373883066101292,4.175469804112601e-7
loc81,11,0.0029690551544111444,11.707843660312864,0.1445277461297764,0.020788915468763464
loc79,11,0.0039028723971830754,11.978692602464356,0.17185512138242678,0.027327375252650384
loc136,11,4.250089426793188e-20,11.990493933669947,0.17185512138242678,2.9758541095816196e-19
loc62,11,0.004013978876315126,12.292262125315156,0.19996044890695613,0.02810532752452936
loc11,11,6.802548020833421e-15,12.706259430288071,0.19996044890700376,4.763050479786647e-14
loc78,11,0.004534770343364577,13.09926467379979,0.2317122865912582,0.031751837684254436
loc111,11,5.309113190609715e-8,13.39775770612417,0.23171265832805524,3.717367970403109e-7
loc139,11,9.391217256797949e-25,13.619630671445483,0.23171265832805524,6.5756010429885745e-24
loc70,11,0.00675563714879194,13.658652973168122,0.2790146996576741,0.047302041329618856
loc134,11,1.0780490945277079e-18,13.826703240054773,0.2790146996576741,7.548351354812875e-18
loc95,11,1.2781432188524854e-4,13.92398810650927,0.27990963794449647,8.949382868223426e-4
loc5,11,9.124394602118065e-20,14.052798684357782,0.27990963794449647,6.388775493282972e-19
loc92,11,2.914779007133941e-4,14.373654008447904,0.2819505260802189,0.00204088813572248
loc51,11,5.317071836236896e-4,14.40426845640002,0.28567346658473086,0.003722940504511931
loc37,11,3.2625909711184227e-6,14.43561544316128,0.28569631079757984,2.2844212848980815e-5
loc122,11,2.4562654103967432e-12,14.575154971883348,0.28569631081477825,1.7198432272206437e-11
loc32,11,1.8437260726815187e-7,14.925983799510716,0.28569760176639347,1.2909516152162277e-6
loc69,11,0.00658514923232933,15.297706250337782,0.3318059101744393,0.046108308408045785
loc108,11,2.0589066866873888e-7,15.354625145761624,0.3318073517925582,1.441618118950203e-6
loc31,11,9.239260938591698e-8,15.41903666978217,0.3318079987128903,6.469203320822959e-7
loc133,11,1.993681554650703e-18,15.66913466865259,0.3318079987128903,1.3959483793923156e-17
loc21,11,3.284622275551849e-11,15.84253000167424,0.33180799894287505,2.29984730097773e-10
loc91,11,3.8096506791442575e-4,15.85336694930975,0.3344754639044667,0.0026674649615916215
loc27,11,1.0575626079330058e-8,15.935869555647374,0.3344755379535446,7.404907795862322e-8
loc82,11,0.0025007254311773834,16.107951798556133,0.3519852731708563,0.017509735217311716
loc138,11,2.9144070644300624e-24,16.231704852258247,0.3519852731708563,2.0406277065614157e-23
loc39,11,8.878703772054296e-6,16.248660041996683,0.35204744063241905,6.216746156271244e-5
loc57,11,0.0019141317497247327,16.336677165510828,0.3654499276431381,0.013402487010719038
loc109,11,1.4366344234337672e-7,16.692227547638765,0.3654509335547846,1.0059116464680055e-6
loc28,11,1.8083250835823198e-8,17.044166164407702,0.36545106017121753,1.266164329981716e-7
loc6,11,2.4899800618465594e-18,17.081046786221755,0.3654510601712176,1.7434497620473116e-17
loc121,11,4.340940120311698e-12,17.487369735909002,0.3654510602016122,3.039466514525624e-11
loc52,11,7.721382501085978e-4,17.66769123773117,0.3708574659357254,0.005406405734113138
loc43,11,4.018699008714131e-5,17.72884616029845,0.3711388497081435,2.813837724181013e-4
loc90,11,4.76997433152104e-4,17.842194000308627,0.37447872007123983,0.0033398703630963507
loc63,11,0.004457771116041076,18.168984753442903,0.4056914197655482,0.03121269969430833
loc140,11,3.390005336408771e-29,18.340173026973098,0.4056914197655482,2.3736350694784e-28
loc112,11,3.179254591512326e-8,18.359326206094156,0.4056916423725781,2.2260702991129244e-7
loc100,11,2.028329136025945e-5,18.43701087849412,0.4058336631864691,1.420208138909982e-4
loc71,11,0.00681954401681263,18.448923146993643,0.45358317160850004,0.04774950842203097
loc38,11,5.736633369938406e-6,18.7252715132586,0.453623338725647,4.016711714693284e-5
loc77,11,0.005116724413199788,18.982795593712297,0.48944993869464126,0.035826599968994316
loc103,11,3.0806887249991323e-6,19.18314247497054,0.48947150925300376,2.1570558362457096e-5
loc96,11,8.223146437234981e-5,19.29264705320117,0.4900472826464921,5.75773393488361e-4
loc65,11,0.005358088959141848,19.65295181001958,0.5275638839397431,0.037516601293250997
loc72,11,0.00673423553251733,19.68031804774619,0.5747160740983701,0.047152190158627046
loc40,11,1.4481155965549714e-5,19.700265494641584,0.5748174691589538,1.0139506058367575e-4
loc25,11,1.5131112897072762e-9,19.72884762014308,0.5748174797535508,1.0594596954462745e-8
loc41,11,2.0037012808153753e-5,19.796972856270337,0.5749577761589229,1.4029640537204958e-4
loc75,11,0.0058726702051269085,19.885536700323872,0.6160774044989099,0.04111962833998704
loc131,11,2.421425863636257e-17,20.12627286195111,0.61607740449891,1.6954490561828398e-16
loc104,11,2.1947155217102784e-6,20.78952790866185,0.6160927715948669,1.5367095956783288e-5
loc84,11,0.0018150016161794626,20.830707999676516,0.6288011630568325,0.012708391461965726
loc44,11,5.665586897585492e-5,20.941338138609954,0.6291978596521108,3.9669659527829935e-4
loc114,11,8.433695265478749e-9,21.075709980631583,0.6291979187036841,5.905157325988482e-8
loc47,11,1.9177255472683217e-4,21.30783233127111,0.6305406837323235,0.0013427650286394306
loc101,11,1.2322946594905189e-5,21.30785250539232,0.6306269673079947,8.628357567118994e-5
loc46,11,1.2277944128344723e-4,21.33664253472704,0.6314866520539488,8.596847459540783e-4
loc89,11,5.747510875222222e-4,21.63179885130597,0.6355109800481012,0.004024327994152434
loc35,11,1.1984037779210743e-6,21.87430425041652,0.635519371106381,8.391058279814649e-6
loc24,11,5.577316851553739e-10,22.289550025148017,0.6355193750115415,3.905160481683825e-9
loc80,11,0.003391232206914925,22.443775427271035,0.6592643160847177,0.02374494107317615
loc127,11,7.297935599437239e-14,22.604493316933393,0.6592643160852287,5.109914042781411e-13
loc8,11,4.698946616362664e-16,22.766131035993247,0.659264316085232,3.2901377347154633e-15
loc76,11,0.0056038698953826075,22.991303545513148,0.6985018416596475,0.039237525574415476
loc34,11,6.89908677966881e-7,23.29122228619803,0.6985066723052372,4.8306455897631835e-6
loc124,11,7.882833794322508e-13,23.498150761281433,0.6985066723107567,5.5194517070863966e-12
loc129,11,5.624587294020705e-16,23.519769981850864,0.6985066723107606,3.938258594770635e-15
loc110,11,8.051977717049608e-8,23.9748679317842,0.6985072360991559,5.637883953331621e-7
loc130,11,1.4663204134665238e-16,23.994033416947957,0.698507236099157,1.0266973680293122e-15
loc18,11,5.46208376301101e-12,24.379476779994977,0.6985072361374017,3.824475859393793e-11
loc42,11,2.6961221460891334e-5,24.447273302485783,0.6986960148985684,1.8877876116661253e-4
loc50,11,4.173235105297904e-4,24.64365046881912,0.7016180566702215,0.0029220417716531413
loc98,11,4.800193658751287e-5,25.82372817631102,0.7019541596222236,3.3610295200213794e-4
loc59,11,0.002812192569653264,26.333697920862782,0.7216447448663368,0.019690585244113233
loc10,11,3.720875696171126e-15,26.75221683383964,0.7216447448663629,2.6053059405971e-14
loc60,11,0.003159253961763585,26.804646070337668,0.7437654062012936,0.02212066133493068
loc55,11,0.001385767413980602,27.362630052639567,0.7534683588681743,0.00970295266688076
loc2,11,3.0240590575893383e-23,27.409448146648263,0.7534683588681743,2.1174045226937427e-22
loc53,11,9.582774606659522e-4,28.20194857613279,0.7601780857305427,0.00670972686236839
loc7,11,1.9534209847872915e-16,28.369694995108727,0.7601780857305441,1.3677584826040662e-15
loc85,11,0.0014427475001404422,28.62866972449109,0.7702800051167934,0.010101919386249335
loc56,11,0.0016237674371441324,28.95453591397163,0.7816494011825984,0.011369396065804978
loc48,11,2.4301274137562227e-4,29.51879292769392,0.783350942944389,0.0017015417617906297
loc3,11,1.0604060436960187e-20,29.97720718630224,0.783350942944389,7.424817141645377e-20
loc97,11,6.393544173880666e-5,30.117259445949784,0.7837986101060419,4.476671616528842e-4
loc115,11,5.072434071720337e-9,30.185149093350244,0.783798645622527,3.551648509499778e-8
loc86,11,0.0011070310868821814,30.730470972782225,0.7915499248981225,0.00775127927559547
loc117,11,2.5337741158951316e-10,30.73560457690763,0.7915499266722362,1.774113755819795e-9
loc123,11,1.3767118273839845e-12,30.82843225641902,0.7915499266818757,9.639546696130281e-12
loc102,11,6.308706356584367e-6,31.029901731552663,0.7915940993753232,4.4172693447419126e-5
loc64,11,0.004868519014272467,31.43635719659614,0.8256827993091751,0.03408869993385194
loc54,11,0.0011525801909531618,31.450733957865847,0.8337530071411509,0.008070207831975663
loc88,11,7.004700375658194e-4,31.825405949338784,0.8386576019169408,0.004904594775790039
loc116,11,2.4395409903878006e-9,32.83419056414057,0.8386576189982711,1.7081330185600382e-8
loc13,11,9.565091659508934e-14,32.92931048083315,0.8386576189989408,6.697345506198364e-13
loc9,11,9.824106213221398e-16,33.23741288033187,0.8386576189989476,6.8787039310935e-15
loc106,11,4.975810899360561e-7,35.10971149949483,0.8386611029932419,3.483994294335509e-6
loc99,11,2.742927567067931e-5,35.23399275249702,0.8388531590055528,1.9205601231084426e-4
loc26,11,4.861562946677919e-9,35.41524164084468,0.8388531930455473,3.4039994506132544e-8
loc132,11,3.926829232056858e-18,35.680247453251866,0.8388531930455474,2.7495117712520235e-17
loc118,11,3.08408826539719e-11,36.732933511644504,0.838853193261491,2.159436147634094e-10
loc125,11,3.98627622117849e-13,37.01158750046242,0.8388531932642821,2.7911357346831513e-12
loc12,11,2.406250215125137e-14,38.688744742192526,0.8388531932644506,1.684823276004502e-13
loc93,11,2.2819807086777312e-4,39.61719904462325,0.8404510047427443,0.0015978114782936425
loc94,11,1.713312419111688e-4,40.709399370216154,0.8416506425130152,0.0011996377702710496
loc74,11,0.0061628612361005084,41.349202214519785,0.8848021485039582,0.04315150599094296
loc29,11,2.771154460171993e-8,42.193650086043554,0.8848023425363788,1.9403242050863186e-7
loc20,11,1.9988441301614287e-11,43.33417809125323,0.8848023426763351,1.399563143696513e-10
loc58,11,0.0024273814992339933,43.76815792116223,0.9017985337787614,0.016996191102426356
loc67,11,0.006082666297170379,43.888385296101376,0.9443885258470128,0.04258999206825136
loc66,11,0.005685804791687038,45.77114971662209,0.9841997482861309,0.039811222439118055
loc14,11,2.4842930560124335e-13,45.92292018727608,0.9841997482878703,1.739467798850018e-12
loc17,11,3.155008740799734e-12,47.86899881095029,0.9841997483099613,2.209093688214219e-11
loc36,11,2.2555979091910034e-6,49.790597431296696,0.984215541696014,1.579338605280689e-5
loc16,11,1.533913880817108e-12,53.179778308309075,0.9842155417067543,1.0740253833713046e-11
loc83,11,0.002168676533657213,55.16437662901261,0.9994003162537373,0.015184774546982912
loc45,11,8.564631111263634e-5,56.79437600205908,0.9999999999340107,5.996836802734104e-4
loc19,11,9.424554529486913e-12,62.80388822971769,1,6.598943342401919e-11
loc61,12,0.002557369693728784,6.5054820508098645,0.018249539501015495,0.018249539501015495
loc137,12,2.754446125613019e-21,7.127614797556881,0.018249539501015495,1.9655888429451636e-20
loc33,12,8.528261181195582e-8,7.393063341857737,0.01825014808271443,6.085816989341062e-7
loc73,12,0.00669357958836959,8.497141934334714,0.06601592297270838,0.04776577488999395
loc22,12,1.1701839449478646e-11,8.510882162533118,0.06601592305621339,8.350500977292408e-11
loc105,12,4.084268911189409e-6,8.660622681619051,0.06604506863771077,2.9145581497387297e-5
loc87,12,0.0014624511241492022,9.553441303024758,0.07648120527603595,0.010436136638325171
loc15,12,7.300856895963754e-14,9.772744947293202,0.07648120527655694,5.209934122582204e-13
loc119,12,1.0700668202710371e-10,9.80714131239609,0.07648120604016287,7.636059328125189e-10
loc68,12,0.005280488497988738,9.81891695809218,0.1141630803757408,0.03768187433557793
loc23,12,2.0959291991021494e-11,9.841270762040564,0.11416308052530753,1.4956673180316077e-10
loc4,12,1.9302433572044473e-21,10.029731119011675,0.11416308052530753,1.3774329335432853e-20
loc107,12,1.0396342165445503e-6,10.219740705582709,0.11417049941579802,7.418890490476419e-6
loc1,12,1.21657586298418e-42,10.259861042484232,0.11417049941579802,8.681556413981023e-42
loc135,12,7.085880494056346e-18,10.576307755627608,0.11417049941579806,5.056525706582905e-17
loc128,12,1.2450049192967318e-13,10.631435463417674,0.1141704994166865,8.88442782026411e-13
loc49,12,1.7401356982055187e-4,11.159585326591587,0.11541227041441918,0.0012417709977326679
loc113,12,5.391073866180177e-8,11.315462767657522,0.11541265512459899,3.8471017981877055e-7
loc126,12,1.2729232528487972e-12,11.436800078861564,0.11541265513368265,9.083654679098927e-12
loc120,12,5.453369183991253e-11,11.582868577739356,0.11541265552283826,3.8915561008217503e-10
loc30,12,1.6342301432318445e-8,11.650056713030128,0.11541277214245577,1.1661961751480218e-7
loc81,12,0.004048525326189526,11.707843660312864,0.14430328532963244,0.02889051318717667
loc79,12,0.005011459699991197,11.978692602464356,0.18006535444971636,0.035762069120083916
loc136,12,1.0062952009399903e-18,11.990493933669947,0.18006535444971636,7.18098132791288e-18
loc62,12,0.002967754828976834,12.292262125315156,0.20124342624494976,0.021178071795233393
loc11,12,7.095280354976771e-16,12.706259430288071,0.2012434262449548,5.063233502236855e-15
loc78,12,0.005523809770430878,13.09926467379979,0.24066165539218132,0.039418229147226494
loc111,12,1.877107710302929e-7,13.39775770612417,0.24066299490720688,1.339515025568573e-6
loc139,12,5.589995153325487e-23,13.619630671445483,0.24066299490720688,3.989053190520745e-22
loc70,12,0.0058679853719406086,13.658652973168122,0.28253728124883903,0.04187428634163216
loc134,12,2.0561125440915945e-17,13.826703240054773,0.2825372812488392,1.4672539204616244e-16
loc95,12,2.441781640549201e-4,13.92398810650927,0.2842797508890844,0.0017424696402452526
loc5,12,3.984254388818043e-21,14.052798684357782,0.2842797508890844,2.8431872024264476e-20
loc92,12,5.262769806563803e-4,14.373654008447904,0.288035294160953,0.0037555432718685937
loc51,12,3.01282987506331e-4,14.40426845640002,0.29018526715663046,0.00214997299567743
loc37,12,1.206523395434629e-6,14.43561544316128,0.2901938769780489,8.609821418419733e-6
loc122,12,1.8327322437444998e-11,14.575154971883348,0.2901938771088337,1.307848433451683e-10
loc32,12,5.398528163419227e-8,14.925983799510716,0.2901942623509565,3.8524212282353027e-7
loc69,12,0.005590617414998198,15.297706250337782,0.33008923475180446,0.039894972400847925
loc108,12,6.965360777173478e-7,15.354625145761624,0.3300942052739372,4.9705221327039084e-6
loc31,12,2.552042880193428e-8,15.41903666978217,0.33009438738920766,1.821152704850759e-7
loc133,12,3.7998459503088536e-17,15.66913466865259,0.33009438738920793,2.7115922636443605e-16
loc21,12,5.150561134130759e-12,15.84253000167424,0.33009438742596264,3.6754705078507483e-11
loc91,12,6.718075294023053e-4,15.85336694930975,0.33488844519358674,0.004794057767624122
loc27,12,2.655195819164077e-9,15.935869555647374,0.3348884641412192,1.8947632445786277e-8
loc82,12,0.003536963398103165,16.107951798556133,0.3601284415311191,0.025239977389899887
loc138,12,1.6524199892620695e-22,16.231704852258247,0.3601284415311191,1.1791765555153972e-21
loc39,12,3.58782161725623e-6,16.248660041996683,0.3601540444357313,2.5602904612217863e-5
loc57,12,0.0012479632530055817,16.336677165510828,0.3690595830981272,0.008905538662395865
loc109,12,4.863373413866768e-7,16.692227547638765,0.36906305362980046,3.470531673312416e-6
loc28,12,4.630454116204973e-9,17.044166164407702,0.36906308667299154,3.3043191021049257e-8
loc6,12,1.4633365644003233e-19,17.081046786221755,0.36906308667299154,1.0442455191672482e-18
loc121,12,3.2043815692367393e-11,17.487369735909002,0.36906308690165807,2.2866654034226502e-10
loc52,12,4.7682353093066664e-4,17.66769123773117,0.3724657274678897,0.0034026405662316165
loc43,12,1.7825476402829068e-5,17.72884616029845,0.37259293110862085,1.2720364073116614e-4
loc90,12,8.297142541772631e-4,17.842194000308627,0.3785138204869906,0.005920889378369795
loc63,12,0.003360636833549775,18.168984753442903,0.4024955212136508,0.02398170072666016
loc140,12,5.347371816924566e-27,18.340173026973098,0.4024955212136508,3.81591576059129e-26
loc112,12,1.1483655053850938e-7,18.359326206094156,0.4024963406939826,8.194803318237591e-7
loc100,12,4.5184647273834134e-5,18.43701087849412,0.40281878097599794,3.224402820152991e-4
loc71,12,0.006491621823034939,18.448923146993643,0.4491433734569528,0.04632459248095489
loc38,12,2.2481542753081702e-6,18.7252715132586,0.44915941641716783,1.60429602150296e-5
loc77,12,0.0059430031001856485,18.982795593712297,0.49156903364906646,0.04240961723189862
loc103,12,8.552091336071992e-6,19.18314247497054,0.4916300618723369,6.102822327044047e-5
loc96,12,1.6639763702885495e-4,19.29264705320117,0.4928174851288494,0.0011874232565124686
loc65,12,0.004250072713658656,19.65295181001958,0.5231462522446481,0.03032876711579871
loc72,12,0.006662450967534609,19.68031804774619,0.5706898914782552,0.04754363923360717
loc40,12,6.143497759044209e-6,19.700265494641584,0.5707337318370829,4.3840358827669625e-5
loc25,12,3.1783426038158806e-10,19.72884762014308,0.5707337341051668,2.268083845614296e-9
loc41,12,8.56491946635039e-6,19.796972856270337,0.5707948538707242,6.111976555735107e-5
loc75,12,0.00650635943553115,19.885536700323872,0.6172246148152217,0.04642976094449765
loc131,12,3.991018989212023e-16,20.12627286195111,0.6172246148152246,2.848014460777137e-15
loc104,12,6.131052795210946e-6,20.78952790866185,0.6172683663660635,4.375155083889085e-5
loc84,12,0.002683628382014544,20.830707999676516,0.6364188952409923,0.01915052887492873
loc44,12,2.5693634472696708e-5,20.941338138609954,0.6366022465172602,1.8335127626794336e-4
loc114,12,3.319956606329509e-8,21.075709980631583,0.6366024834313027,2.3691404249233752e-7
loc47,12,1.0188317803940779e-4,21.30783233127111,0.637329527740414,7.270443091112789e-4
loc101,12,2.889227226514422e-5,21.30785250539232,0.6375357046827894,2.0617694237552906e-4
loc46,12,6.057812042019052e-5,21.33664253472704,0.6379679936882534,4.322890054639022e-4
loc89,12,9.950993290796498e-4,21.63179885130597,0.6450690806206612,0.007101086932407753
loc35,12,4.1196625311253877e-7,21.87430425041652,0.6450720204359047,2.939815243646173e-6
loc24,12,1.0759078873874349e-10,22.289550025148017,0.6450720212036789,7.677741524223072e-10
loc80,12,0.004513163038061197,22.443775427271035,0.6772782162405533,0.03220619503687438
loc127,12,6.127157313647996e-13,22.604493316933393,0.6772782162449257,4.372375245493688e-12
loc8,12,4.411010727938467e-17,22.766131035993247,0.677278216244926,3.14772301854975e-16
loc76,12,0.006262739212782888,22.991303545513148,0.7219694890509301,0.04469127280600401
loc34,12,2.2726033335914089e-7,23.29122228619803,0.7219711107939423,1.621743012291845e-6
loc124,12,5.9839745493039164e-12,23.498150761281433,0.7219711108366443,4.2701991885798377e-11
loc129,12,7.39168103661001e-15,23.519769981850864,0.7219711108366971,5.2747467598178045e-14
loc110,12,2.8273049325299803e-7,23.9748679317842,0.7219731284180101,2.0175813131026268e-6
loc130,12,2.10583429295975e-15,23.994033416947957,0.7219731284180252,1.5027356508604052e-14
loc18,12,8.237868638337274e-13,24.379476779994977,0.7219731284239037,5.878591174681234e-12
loc42,12,1.1554007529460326e-5,24.447273302485783,0.7220555784964611,8.24500725573541e-5
loc50,12,2.323452809766392e-4,24.64365046881912,0.7237136079919445,0.001658029495483419
loc98,12,9.841463632567265e-5,25.82372817631102,0.7244159005848018,7.022925928572885e-4
loc59,12,0.002004079431695893,26.333697920862782,0.7387171284602995,0.014301227875497617
loc10,12,3.8784717516549877e-16,26.75221683383964,0.7387171284603022,2.767700094709377e-15
loc60,12,0.0022550689771076737,26.804646070337668,0.7548094323912354,0.016092303930933183
loc55,12,8.890104022370871e-4,27.362630052639567,0.7611534625454303,0.0063440301541948275
loc2,12,6.937413076774056e-25,27.409448146648263,0.7611534625454303,4.950578490466632e-24
loc53,12,6.028273538304732e-4,28.20194857613279,0.7654552737512952,0.004301811205864937
loc7,12,1.7787365634087815e-17,28.369694995108727,0.7654552737512953,1.269316800595186e-16
loc85,12,0.002225799138620383,28.62866972449109,0.7813387064052394,0.015883432653944162
loc56,12,0.0010452295877707814,28.95453591397163,0.7887975257915913,0.007458819386351878
loc48,12,1.2946278795835089e-4,29.51879292769392,0.7897213798079078,9.238540163165324e-4
loc3,12,4.2325825903959877e-22,29.97720718630224,0.7897213798079078,3.0203956574662475e-21
loc97,12,1.2979837383836956e-4,30.117259445949784,0.7906476285846645,9.262487767566839e-4
loc115,12,2.0266257092529995e-8,30.185149093350244,0.7906477732058588,1.4462119428990354e-7
loc86,12,0.0017930822951407026,30.730470972782225,0.8034433131913311,0.012795539985472327
loc117,12,1.3898257099411906e-9,30.73560457690763,0.8034433231092086,9.917877440753214e-9
loc123,12,1.0382066116711293e-11,30.82843225641902,0.8034433231832956,7.408703018718532e-11
loc102,12,1.607805694027334e-5,31.029901731552663,0.8035580571366816,1.1473395338601846e-4
loc64,12,0.0037191718882135954,31.43635719659614,0.830098284954138,0.02654022781745631
loc54,12,7.30211019602487e-4,31.450733957865847,0.8353091134389639,0.005210828484825881
loc88,12,0.0011988806537093018,31.825405949338784,0.8438643958060472,0.008555282367083339
loc116,12,1.0227984578433447e-8,32.83419056414057,0.8438644687935425,7.298749533069811e-8
loc13,12,1.2071275918606171e-14,32.92931048083315,0.8438644687936286,8.614132999404478e-14
loc9,12,9.35771683330566e-17,33.23741288033187,0.8438644687936293,6.677721387232499e-16
loc106,12,1.6254422764013134e-6,35.10971149949483,0.8438760680446498,1.1599251020510535e-5
loc99,12,6.061596468288104e-5,35.23399275249702,0.8443086271089826,4.3255906433280607e-4
loc26,12,1.1503752900362632e-9,35.41524164084468,0.8443086353181278,8.209145258892473e-9
loc132,12,7.418970797739719e-17,35.680247453251866,0.8443086353181284,5.294220892749432e-16
loc118,12,2.1163238317385763e-10,36.732933511644504,0.8443086368283494,1.5102210469985174e-9
loc125,12,3.0904242436071872e-12,37.01158750046242,0.8443086368504029,2.205344790270536e-11
loc12,12,2.735048388180983e-15,38.688744742192526,0.8443086368504225,1.951746504218606e-14
loc93,12,4.175096533788486e-4,39.61719904462325,0.8472880101221386,0.0029793732717162003
loc94,12,3.2056005110360757e-4,40.709399370216154,0.8495755453695487,0.002287535247410048
loc74,12,0.00668558406839535,41.349202214519785,0.8972842637620175,0.04770871839246883
loc29,12,7.110447742691929e-9,42.193650086043554,0.8972843145025879,5.074057038697529e-8
loc20,12,3.133880444114995e-12,43.33417809125323,0.8972843145249515,2.236355388764607e-11
loc58,12,0.0016982304589559425,43.76815792116223,0.9094029862674621,0.012118671742510656
loc67,12,0.005009413924714937,43.888385296101376,0.9451504566156884,0.03574747034822631
loc66,12,0.004524841768868847,45.77114971662209,0.9774399917577179,0.03228953514202952
loc14,12,3.301250185070941e-14,45.92292018727608,0.9774399917579535,2.355791413455928e-13
loc17,12,4.743260889568489e-13,47.86899881095029,0.9774399917613383,3.3848186744400437e-12
loc36,12,8.277254673593975e-7,49.790597431296696,0.9774458984586178,5.906697279479776e-6
loc16,12,2.2475831456915904e-13,53.179778308309075,0.9774458984602217,1.6038884600728104e-12
loc83,12,0.0031198407767240644,55.16437662901261,0.9997092644613607,0.022263366001139005
loc45,12,4.074175292570738e-5,56.79437600205908,0.9999999999898146,2.907355284539329e-4
loc19,12,1.4272967302577305e-12,62.80388822971769,0.9999999999999999,1.0185272830276654e-11
loc61,13,0.0015205305021225022,6.5054820508098645,0.012449894072157786,0.012449894072157786
loc137,13,1.0031428902287463e-19,7.127614797556881,0.012449894072157786,8.213595653064982e-19
loc33,13,2.087809717091634e-8,7.393063341857737,0.012450065019138359,1.7094698057243197e-7
loc73,13,0.005618177408973798,8.497141934334714,0.05845092690430064,0.04600086188516228
loc22,13,1.5785554613498432e-12,8.510882162533118,0.058450926917225636,1.2924994436743219e-11
loc105,13,9.618738443645934e-6,8.660622681619051,0.05852968382119042,7.875690396478205e-5
loc87,13,0.002018237006855053,9.553441303024758,0.07505473012100469,0.016525046299814276
loc15,13,8.232363498404865e-15,9.772744947293202,0.0750547301210721,6.740545709248887e-14
loc119,13,6.266449056063685e-10,9.80714131239609,0.07505473525195418,5.130882073569912e-9
loc68,13,0.0036235781276107853,9.81891695809218,0.10472409327401874,0.02966935802206457
loc23,13,2.8659078746894618e-12,9.841270762040564,0.1047240932974844,2.346565847290846e-11
loc4,13,6.909926852822851e-23,10.029731119011675,0.1047240932974844,5.657752820079387e-22
loc107,13,2.86865223201749e-6,10.219740705582709,0.10474758142637666,2.3488128892266973e-5
loc1,13,5.704194935210181e-46,10.259861042484232,0.10474758142637666,4.6705161528278384e-45
loc135,13,1.177993776590626e-16,10.576307755627608,0.10474758142637763,9.645250598881334e-16
loc128,13,9.979452281405244e-13,10.631435463417674,0.10474758143454867,8.171037912637608e-12
loc49,13,7.812677073991836e-5,11.159585326591587,0.10538727265978486,6.396912252361883e-4
loc113,13,1.7244459506728162e-7,11.315462767657522,0.10538868461234938,1.4119525645206899e-6
loc126,13,8.575551209564929e-12,11.436800078861564,0.1053886846825648,7.021543074631882e-11
loc120,13,3.29369653616091e-10,11.582868577739356,0.10538868737939812,2.696833304152465e-9
loc30,13,3.6947801587811306e-9,11.650056713030128,0.10538871763174855,3.025235043461787e-8
loc81,13,0.004554381472593487,11.707843660312864,0.1426793650859347,0.037290647454186164
loc79,13,0.005308820980870168,11.978692602464356,0.18614725919764222,0.04346789411170752
loc136,13,1.965652229967566e-17,11.990493933669947,0.18614725919764238,1.6094489398033347e-16
loc62,13,0.0018102347874649526,12.292262125315156,0.20096921200833187,0.01482195281068949
loc11,13,6.105503056835509e-17,12.706259430288071,0.20096921200833237,4.999101708826729e-16
loc78,13,0.005551062006978458,13.09926467379979,0.24642054223708534,0.045451330228752966
loc111,13,5.475330652031346e-7,13.39775770612417,0.2464250253623191,4.483125233770349e-6
loc139,13,2.745079481369252e-21,13.619630671445483,0.2464250253623191,2.247633225048426e-20
loc70,13,0.004204996885224926,13.658652973168122,0.2808549599948215,0.03442993463250238
loc134,13,3.2352598993220464e-16,13.826703240054773,0.2808549599948241,2.6489861917425894e-15
loc95,13,3.8484697419259383e-4,13.92398810650927,0.2840060339496051,0.0031510739547809617
loc5,13,1.4353043763235506e-22,14.052798684357782,0.2840060339496051,1.1752074306690263e-21
loc92,13,7.839296023643839e-4,14.373654008447904,0.2904247414308701,0.006418707481265015
loc51,13,1.4084149907895663e-4,14.40426845640002,0.2915779322034651,0.0011531907725950046
loc37,13,3.6809745420415823e-7,14.43561544316128,0.29158094613465996,3.0139311948531425e-6
loc122,13,1.1281755859976596e-10,14.575154971883348,0.2915809470583946,9.237346124171209e-10
loc32,13,1.3040921902403771e-8,14.925983799510716,0.2915810538356648,1.0677727021034722e-7
loc69,13,0.003915686134360536,15.297706250337782,0.3236421519356739,0.03206109810000913
loc108,13,1.9440369557618196e-6,15.354625145761624,0.3236580694421875,1.59175065135555e-5
loc31,13,5.815574857283392e-9,15.41903666978217,0.32365811705931247,4.761712497106432e-8
loc133,13,5.97489308170978e-16,15.66913466865259,0.32365811705931735,4.8921600622887176e-15
loc21,13,6.663119579972991e-13,15.84253000167424,0.32365811706477304,5.455670428510806e-12
loc91,13,9.77368925717312e-4,15.85336694930975,0.3316606790506153,0.008002561985842264
loc27,13,5.4997249787467655e-10,15.935869555647374,0.33166068355371425,4.5030989720902735e-9
loc82,13,0.004127138744194706,16.107951798556133,0.36545312646399974,0.0337924429102855
loc138,13,7.729379261210506e-21,16.231704852258247,0.36545312646399974,6.328709151922768e-20
loc39,13,1.1960960785917745e-6,16.248660041996683,0.36546291993375113,9.793469751382328e-6
loc57,13,6.712521914376656e-4,16.336677165510828,0.3709590403124198,0.005496120378668623
loc109,13,1.3582600051858088e-6,16.692227547638765,0.3709701615580399,1.1121245620135168e-5
loc28,13,9.781931385831714e-10,17.044166164407702,0.3709701695673504,8.009310527130016e-9
loc6,13,7.09490407234991e-21,17.081046786221755,0.3709701695673504,5.809209616615825e-20
loc121,13,1.951455281404483e-10,17.487369735909002,0.3709701711651751,1.5978246740939965e-9
loc52,13,2.429261349042067e-4,17.66769123773117,0.37295921685856587,0.0019890456933907815
loc43,13,6.523050789484861e-6,17.72884616029845,0.3730126266989098,5.3409840343899206e-5
loc90,13,0.0011906798632110418,17.842194000308627,0.3827617492256439,0.009749122526734096
loc63,13,0.002090159117020613,18.168984753442903,0.3998756838455263,0.017113934619882417
loc140,13,6.958799639369586e-25,18.340173026973098,0.3998756838455263,5.6977691837543455e-24
loc112,13,3.422070234388248e-7,18.359326206094156,0.3998784857894443,2.8019439180040476e-6
loc100,13,8.304190667202573e-5,18.43701087849412,0.40055842146990156,6.799356804572933e-4
loc71,13,0.005098061083888247,18.448923146993643,0.4423006426086427,0.04174222113874114
loc38,13,7.268571632029475e-7,18.7252715132586,0.44230659401486233,5.951406219627906e-6
loc77,13,0.005694739147979918,18.982795593712297,0.4889343328612404,0.04662773884637802
loc103,13,1.9586227307643298e-5,19.18314247497054,0.48909470218951956,1.6036932827916245e-4
loc96,13,2.777859229627155e-4,19.29264705320117,0.491369175020413,0.00227447283089344
loc65,13,0.002781229002080624,19.65295181001958,0.514141494561509,0.02277231954109607
loc72,13,0.005437931070480868,19.68031804774619,0.5586665242828319,0.04452502972132287
loc40,13,2.150216181930852e-6,19.700265494641584,0.5586841299564175,1.7605673585574628e-5
loc25,13,5.5078803291976764e-11,19.72884762014308,0.5586841304073952,4.509776460578234e-10
loc41,13,3.0204214115216336e-6,19.796972856270337,0.5587088612014004,2.4730794005270186e-05
loc75,13,0.0059469520833263885,19.885536700323872,0.6074016847825525,0.04869282358115209
loc131,13,5.4268817680725864e-15,20.12627286195111,0.6074016847825969,4.4434559556888606e-14
loc104,13,1.4130119190757958e-5,20.78952790866185,0.6075173802500053,1.1569546740847133e-4
loc84,13,0.0032735703999144847,20.830707999676516,0.6343209232633129,0.0268035430133075
loc44,13,9.613026206971803e-6,20.941338138609954,0.6343996333962715,7.871013295860444e-5
loc114,13,1.0782038009183777e-7,21.075709980631583,0.6344005162146754,8.82818403898762e-7
loc47,13,4.465524347480984e-5,21.30783233127111,0.6347661471903459,3.656309756704947e-4
loc101,13,5.588596825660094e-5,21.30785250539232,0.6352237337918271,4.5758660148114474e-4
loc46,13,2.4658115594175823e-5,21.33664253472704,0.6354256310419893,2.0189725016235037e-4
loc89,13,0.001421369570918122,21.63179885130597,0.6470636090836119,0.011637978041622546
loc35,13,1.1683529573675836e-7,21.87430425041652,0.647064565714902,9.566312900539764e-7
loc24,13,1.712295886509502e-11,22.289550025148017,0.6470645658551024,1.4020042595316068e-10
loc80,13,0.0049551689404918366,22.443775427271035,0.6876368058283585,0.04057223997325606
loc127,13,4.243966857969422e-12,22.604493316933393,0.6876368058631075,3.474901539542466e-11
loc8,13,3.416092842754164e-18,22.766131035993247,0.6876368058631075,2.7970497121615297e-17
loc76,13,0.005774236397905649,22.991303545513148,0.7349154572293078,0.047278651366200304
loc34,13,6.17603316693089e-8,23.29122228619803,0.7349159629143869,5.056850790371584e-7
loc124,13,3.7475812228615346e-11,23.498150761281433,0.7349159632212336,3.068467826610867e-10
loc129,13,8.014007107539558e-14,23.519769981850864,0.7349159632218898,6.561758507515216e-13
loc110,13,8.190241089192749e-7,23.9748679317842,0.7349226692783513,6.706056461448669e-6
loc130,13,2.4950166918909282e-14,23.994033416947957,0.7349226692785555,2.042885261357619e-13
loc18,13,1.02500342696504e-13,24.379476779994977,0.7349226692793949,8.392586713321558e-13
loc42,13,4.0848835206589594e-6,24.447273302485783,0.7349561157423617,3.344646296691636e-5
loc50,13,1.0672073532822081e-4,24.64365046881912,0.7358299304065756,8.738146642138799e-4
loc98,13,1.6646179505699405e-4,25.82372817631102,0.7371928966296326,0.0013629662230569633
loc59,13,0.0011782535413140016,26.333697920862782,0.7468402741462477,0.009647377516615109
loc10,13,3.33526274303882e-17,26.75221683383964,0.746840274146248,2.7308671411513947e-16
loc60,13,0.001327972466371972,26.804646070337668,0.7577135295751884,0.010873255428940532
loc55,13,4.7051913404269694e-4,27.362630052639567,0.7615660753607403,0.0038525457855517866
loc2,13,1.312982051839728e-26,27.409448146648263,0.7615660753607403,1.0750515981909608e-25
loc53,13,3.1285894491957277e-4,28.20194857613279,0.7641277212588914,0.0025616458981510925
loc7,13,1.336230451082325e-18,28.369694995108727,0.7641277212588914,1.094087066898332e-17
loc85,13,0.002832928138240284,28.62866972449109,0.7873233461976177,0.023195624938726282
loc56,13,5.550773556496567e-4,28.95453591397163,0.7918682430412161,0.00454489684359842
loc48,13,5.690033383078813e-5,29.51879292769392,0.792334135128139,4.658920869228676e-4
loc3,13,1.3937748921835162e-23,29.97720718630224,0.792334135128139,1.1412036617414674e-22
loc97,13,2.1739561578267553e-4,30.117259445949784,0.7941141404515888,0.001780005323449782
loc115,13,6.680125672506006e-8,30.185149093350244,0.7941146874110669,5.469594782564987e-7
loc86,13,0.0023960428284961134,30.730470972782225,0.8137331556795363,0.01961846826846926
loc117,13,6.2893640787240274e-9,30.73560457690763,0.8137332071759821,5.149644578128954e-8
loc123,13,6.459196335349232e-11,30.82843225641902,0.8137332077048521,5.288700887888464e-10
loc102,13,3.3804985966975575e-5,31.029901731552663,0.8140099982682851,2.767905634330504e-4
loc64,13,0.0023439566698128435,31.43635719659614,0.8332019922520708,0.019191993983785644
loc54,13,3.8166256309164564e-4,31.450733957865847,0.8363269926878835,0.0031250004358126366
loc88,13,0.0016928414699041324,31.825405949338784,0.8501877452027741,0.013860752514890596
loc116,13,3.537740373406681e-8,32.83419056414057,0.8501880348680774,2.896653032755843e-7
loc13,13,1.256814452797905e-15,32.92931048083315,0.8501880348680876,1.029062342639559e-14
loc9,13,7.353611769480858e-18,33.23741288033187,0.8501880348680877,6.021035911480423e-17
loc106,13,4.380595814559747e-6,35.10971149949483,0.8502239025825387,3.586771445102699e-5
loc99,13,1.1051307206592586e-4,35.23399275249702,0.8511287683770025,9.048657944637987e-4
loc26,13,2.2457278472245423e-10,35.41524164084468,0.8511287702157735,1.8387709930062265e-9
loc132,13,1.1563764978603281e-15,35.680247453251866,0.8511287702157829,9.468251301632881e-15
loc118,13,1.1980953833600667e-9,36.732933511644504,0.8511287800256228,9.80983978312352e-9
loc125,13,1.9766180809686723e-11,37.01158750046242,0.8511287801874655,1.618427627385351e-10
loc12,13,2.564739091514014e-16,38.688744742192526,0.8511287801874676,2.099973000705984e-15
loc93,13,6.301951009110982e-4,39.61719904462325,0.8562887307706253,0.005159950583157624
loc94,13,4.948073965043737e-4,40.709399370216154,0.8603401454998928,0.004051414729267511
loc74,13,0.005983430733577128,41.349202214519785,0.9093316512389384,0.048991505739045704
loc29,13,1.5051754046287343e-9,42.193650086043554,0.9093316635631071,1.232416865132722e-8
loc20,13,4.0535904496469873e-13,43.33417809125323,0.9093316635664261,3.3190239616745004e-12
loc58,13,9.801875071654578e-4,43.76815792116223,0.917357303708487,0.008025640142060888
loc67,13,0.003403563006844775,43.888385296101376,0.9452252082615247,0.027867904553037646
loc66,13,0.0029707684085757643,45.77114971662209,0.96954945032576,0.024324242064235325
loc14,13,3.619161807579649e-15,45.92292018727608,0.9695494503257897,2.9633197802654537e-14
loc17,13,5.883115932403416e-14,47.86899881095029,0.9695494503262713,4.817014198031877e-13
loc36,13,2.505906719375686e-7,49.790597431296696,0.969551502128137,2.051801865690046e-6
loc16,13,2.716967881624086e-14,53.179778308309075,0.9695515021283595,2.2246158348324672e-13
loc83,13,0.0037027469126293252,55.16437662901261,0.9998690832448811,0.030317581116521667
loc45,13,1.5989125371121158e-5,56.79437600205908,0.9999999999985398,1.3091675365869865e-4
loc19,13,1.7832887046387947e-13,62.80388822971769,1,1.4601322000339441e-12
loc61,14,7.417919743140451e-4,6.5054820508098645,0.007870099033791435,0.007870099033791435
loc137,14,2.9976207598152077e-18,7.127614797556881,0.007870099033791466,3.1803488123891565e-17
loc33,14,4.19379027307686e-9,7.393063341857737,0.00787014352813209,4.449434062236548e-8
loc73,14,0.003869170232358766,8.497141934334714,0.04892040284836797,0.04105025932023588
loc22,14,1.747233412891418e-13,8.510882162533118,0.04892040285022171,1.853740734701354e-12
loc105,14,1.8586913313889098e-5,8.660622681619051,0.04911760213732383,1.971992871021199e-4
loc87,14,0.0022853269498403334,9.553441303024758,0.07336395427192037,0.024246352134596545
loc15,14,7.616590594422262e-16,9.772744947293202,0.07336395427192845,8.080880402268947e-15
loc119,14,3.011046760405192e-9,9.80714131239609,0.07336398621786076,3.194593231030734e-8
loc68,14,0.002040264764746733,9.81891695809218,0.09501033224170442,0.021646346023843663
loc23,14,3.2153867282864837e-13,9.841270762040564,0.09501033224511582,3.4113892923893992e-12
loc4,14,2.0296455683588525e-24,10.029731119011675,0.09501033224511582,2.153368084259904e-23
loc107,14,6.4947226559665e-6,10.219740705582709,0.09507923850491558,6.890625979976646e-5
loc1,14,2.1944965018881114e-49,10.259861042484232,0.09507923850491558,2.3282679507471317e-48
loc135,14,1.6068581500339382e-15,10.576307755627608,0.09507923850493263,1.704808519358302e-14
loc128,14,6.563382512121935e-12,10.631435463417674,0.09507923857456735,6.963471182715438e-11
loc49,14,2.87807430546276e-5,11.159585326591587,0.09538459008273846,3.0535150817111704e-4
loc113,14,4.5259449011277014e-7,11.315462767657522,0.09538939191880932,4.801836070860273e-6
loc126,14,4.740315422395336e-11,11.436800078861564,0.09538939242173673,5.029274125021199e-10
loc120,14,1.6322536098218989e-9,11.582868577739356,0.09538940973925701,1.7317520278432434e-8
loc30,14,6.854083012950861e-10,11.650056713030128,0.09538941701114913,7.27189211606566e-9
loc81,14,0.004203851042641866,11.707843660312864,0.13999049814240994,0.044601081131260815
loc79,14,0.004614421799655657,11.978692602464356,0.18894756131441104,0.048957063172001096
loc136,14,3.150455405392274e-16,11.990493933669947,0.18894756131441437,3.342499905705879e-15
loc62,14,9.059978436334561e-4,12.292262125315156,0.1985598151547048,0.009612253840290411
loc11,14,4.310808365437184e-18,12.706259430288071,0.19855981515470483,4.573585307802763e-17
loc78,14,0.004577188672825177,13.09926467379979,0.24712185060243785,0.04856203544773302
loc111,14,1.3104392119539063e-6,13.39775770612417,0.24713575380809788,1.3903205660020546e-5
loc139,14,1.1060729900433987e-19,13.619630671445483,0.24713575380809788,1.1734966502290635e-18
loc70,14,0.0024724510699986233,13.658652973168122,0.27336741369507156,0.0262316598869737
loc134,14,4.176926547308797e-15,13.826703240054773,0.2733674136951159,4.431542362613337e-14
loc95,14,4.976851701066639e-4,13.92398810650927,0.27864764280518517,0.005280229110069275
loc5,14,4.2425437512228624e-24,14.052798684357782,0.27864764280518517,4.501159440042858e-23
loc92,14,9.581315157878666e-4,14.373654008447904,0.28881301285198324,0.010165370046798088
loc51,14,5.4022171839315684e-5,14.40426845640002,0.28938616524122157,5.731523892383304e-4
loc37,14,9.214573771423839e-8,14.43561544316128,0.28938714286851663,9.776272950693955e-7
loc122,14,5.698226986866025e-10,14.575154971883348,0.28938714891409445,6.04557777065848e-9
loc32,14,2.5847978756378197e-9,14.925983799510716,0.2893871763377064,2.7423611966703628e-8
loc69,14,0.002250304790537813,15.297706250337782,0.31326195817816094,0.02387478184045453
loc108,14,4.4519552301010895e-6,15.354625145761624,0.3133091915397611,4.723336160019965e-5
loc31,14,1.0873834145657356e-9,15.41903666978217,0.3133092030764391,1.1536678013061906e-8
loc133,14,7.70867360353812e-15,15.66913466865259,0.31330920307652094,8.178576579386727e-14
loc21,14,7.07271307093497e-14,15.84253000167424,0.31330920307727134,7.503849358483877e-13
loc91,14,0.0011666955956958318,15.85336694930975,0.3256873497792565,0.0123781467019852
loc27,14,9.34696810696288e-11,15.935869555647374,0.3256873507709303,9.916737739783752e-10
loc82,14,0.003951417726079846,16.107951798556133,0.3676102212049014,0.04192287043397112
loc138,14,2.9665670347973853e-19,16.231704852258247,0.3676102212049014,3.147402123867164e-18
loc39,14,3.271799352689291e-7,16.248660041996683,0.36761369244560177,3.471240700355457e-6
loc57,14,2.9624771340042383e-4,16.336677165510828,0.3707567553577499,0.003143062912148108
loc109,14,3.1125302473607793e-6,16.692227547638765,0.37078977798692436,3.3022629174510434e-5
loc28,14,1.695551598371553e-10,17.044166164407702,0.3707897797858329,1.798908515885088e-9
loc6,14,2.822501637966189e-22,17.081046786221755,0.3707897797858329,2.994554832488413e-21
loc121,14,9.751206498659128e-10,17.487369735909002,0.37078979013145047,1.0345617572145375e-8
loc52,14,1.0154912194304695e-4,17.66769123773117,0.37186718335510377,0.001077393223653283
loc43,14,1.9585999799332387e-6,17.72884616029845,0.37188796327230883,2.0779917205104018e-5
loc90,14,0.0014019962045350518,17.842194000308627,0.3867625498906042,0.014874586618295332
loc63,14,0.0010666513462125814,18.168984753442903,0.3980792694291011,0.011316719538496934
loc140,14,7.430424968306447e-23,18.340173026973098,0.3980792694291011,7.883366548661389e-22
loc112,14,8.367256259249659e-7,18.359326206094156,0.398088146734017,8.877304915882972e-6
loc100,14,1.252244403019749e-4,18.43701087849412,0.3994167250696602,0.0013285783356432113
loc71,14,0.0032850518547026847,18.448923146993643,0.4342697355131312,0.034853010443470965
loc38,14,1.9282236724275595e-7,18.7252715132586,0.4342717812768745,2.0457637433107745e-6
loc77,14,0.0044774122776701664,18.982795593712297,0.4817752313822266,0.04750345010535212
loc103,14,3.680566099097525e-5,19.18314247497054,0.48216572387477613,3.904924925495313e-4
loc96,14,3.8050352464174273e-4,19.29264705320117,0.4862027052999343,0.0040369814251581815
loc65,14,0.0014933531069979222,19.65295181001958,0.5020465500049973,0.015843844705062962
loc72,14,0.003641822225841175,19.68031804774619,0.5406847431552223,0.03863819315022498
loc40,14,6.174956733367697e-7,19.700265494641584,0.540691294523086,6.551367863735713e-6
loc25,14,7.83165690402246e-12,19.72884762014308,0.5406912946061766,8.30905665841553e-11
loc41,14,8.739712936714057e-7,19.796972856270337,0.5407005670718705,9.272465693963962e-6
loc75,14,0.004460013755330586,19.885536700323872,0.5880194262156114,0.04731885914374088
loc131,14,6.05483478276968e-14,20.12627286195111,0.5880194262162538,6.423923555887436e-13
loc104,14,2.6720339131982233e-5,20.78952790866185,0.5883029177104556,2.8349149420180125e-4
loc84,14,0.003276471277588445,20.830707999676516,0.6230648918607413,0.03476197415028567
loc44,14,2.9510738819745233e-6,20.941338138609954,0.6230962015061828,3.130964544156984e-5
loc114,14,2.873126057805687e-7,21.075709980631583,0.6230992497713831,3.0482652002816898e-6
loc47,14,1.6059344372334373e-5,21.30783233127111,0.6232696326212985,1.7038284991544646e-4
loc101,14,8.869706148776739e-5,21.30785250539232,0.624210670920561,9.410382992624413e-4
loc46,14,8.235488127593353e-6,21.33664253472704,0.6242980459655872,8.737504502621321e-5
loc89,14,0.0016658387693643225,21.63179885130597,0.641971890578627,0.017673844613039832
loc35,14,2.7187661502105692e-8,21.87430425041652,0.6419721790282139,2.884495868489734e-7
loc24,14,2.2359799592724163e-12,22.289550025148017,0.6419721790519367,2.372280144082123e-11
loc80,14,0.004463970133220196,22.443775427271035,0.6893330136913483,0.04736083463941152
loc127,14,2.411961147955869e-11,22.604493316933393,0.6893330139472471,2.5589887404246277e-10
loc8,14,2.170733897875536e-19,22.766131035993247,0.6893330139472471,2.303056833162222e-18
loc76,14,0.004368276936855036,22.991303545513148,0.7356785842560486,0.046345570308801466
loc34,14,1.3771491269420336e-8,23.29122228619803,0.7356787303657449,1.4610969636542215e-7
loc124,14,1.9257404023898633e-10,23.498150761281433,0.735678732408874,2.043129098855044e-9
loc129,14,7.129213154179291e-13,23.519769981850864,0.7356787324164378,7.56379355658085e-12
loc110,14,1.946731661419694e-6,23.9748679317842,0.7356993864158043,2.0653999366544834e-5
loc130,14,2.4255380304192276e-13,23.994033416947957,0.7356993864183777,2.5733932383508272e-12
loc18,14,1.0464564127425154e-14,24.379476779994977,0.7356993864184888,1.1102459837807638e-13
loc42,14,1.1849828899443176e-6,24.447273302485783,0.7357119585856463,1.2572167157556666e-5
loc50,14,4.0220654456306014e-5,24.64365046881912,0.7361386827141566,4.2672412851021556e-4
loc98,14,2.3102279111099705e-4,25.82372817631102,0.7385897367940929,0.00245105407993632
loc59,14,5.68391988568559e-4,26.333697920862782,0.7446201353356581,0.006030398541565227
loc10,14,2.353340901185919e-18,26.75221683383964,0.7446201353356582,2.4967951385200755e-17
loc60,14,6.416581017348016e-4,26.804646070337668,0.7514278563428277,0.00680772100716956
loc55,14,2.0433045720483125e-4,27.362630052639567,0.7535957160521606,0.002167859709332874
loc2,14,2.0389444580775515e-28,27.409448146648263,0.7535957160521606,2.1632338128636866e-27
loc53,14,1.3322617935579938e-4,28.20194857613279,0.7550091894540444,0.0014134734018838367
loc7,14,8.236381757209186e-20,28.369694995108727,0.7550091894540444,8.738452605838889e-19
loc85,14,0.0029584928052708744,28.62866972449109,0.7863975465332271,0.03138835707918276
loc56,14,2.4186927212138657e-4,28.95453591397163,0.7889636771881006,0.002566130654873439
loc48,14,2.0519654535806998e-5,29.51879292769392,0.7891813820419248,2.1770485382417948e-4
loc3,14,3.7658689570403046e-25,29.97720718630224,0.7891813820419248,3.9954276490514594e-24
loc97,14,2.9875671992627643e-4,30.117259445949784,0.7923510644518817,0.003169682409956977
loc115,14,1.8066793861487937e-7,30.185149093350244,0.7923529812622793,1.916810397476864e-6
loc86,14,0.0026270860739242238,30.730470972782225,0.82022525312286,0.027872271860580708
loc117,14,2.3352775365779384e-8,30.73560457690763,0.8202255008859273,2.477630672838204e-7
loc123,14,3.297300681392448e-10,30.82843225641902,0.8202255043842238,3.4982965312806574e-9
loc102,14,5.831943782236725e-5,31.029901731552663,0.8208442489475921,6.187445633683257e-4
loc64,14,0.0012120995191670118,31.43635719659614,0.8337041120695632,0.012859863121971153
loc54,14,1.6368018745017125e-4,31.450733957865847,0.8354406896138183,0.0017365775442550555
loc88,14,0.001961290831887993,31.825405949338784,0.8562491556198024,0.020808466005984173
loc116,14,1.0040312321476916e-7,32.83419056414057,0.85625022085446445,1.0652346619588329e-6
loc13,14,1.0736791681895371e-16,32.92931048083315,0.8562502208544656,1.1391281756565744e-15
loc9,14,4.741512148372784e-19,33.23741288033187,0.8562502208544656,5.0305438006560075e-18
loc106,14,9.68679676014811e-6,35.10971149949483,0.8563529936701099,1.0277281564426893e-4
loc99,14,1.6532009777604022e-4,35.23399275249702,0.8581069699691615,0.0017539762990515882
loc26,14,3.597162649918417e-11,35.41524164084468,0.8581069703508052,3.8164373942832974e-10
loc132,14,1.478904814196253e-14,35.680247453251866,0.8581069703509621,1.5690554430759974e-13
loc118,14,5.56526742574726e-9,36.732933511644504,0.8581070293960951,5.9045133011403574e-8
loc125,14,1.0373201081722479e-10,37.01158750046242,0.8581070304966478,1.1005527511413332e-9
loc12,14,1.9733619034637357e-17,38.688744742192526,0.858107030496648,2.0936534968758984e-16
loc93,14,7.804927895276719e-4,39.61719904462325,0.86638772880755,0.008280698310901918
loc94,14,6.266836129184208e-4,40.709399370216154,0.8730365768233067,0.006648848015756707
loc74,14,0.004393863416523956,41.349202214519785,0.9196536088570839,0.04661703203377726
loc29,14,2.6143434960120494e-10,42.193650086043554,0.9196536116307917,2.773707849965583e-9
loc20,14,4.302121614757419e-14,43.33417809125323,0.9196536116312483,4.564369032822863e-13
loc58,14,4.642020683921697e-4,43.76815792116223,0.9245785991970891,0.00492498756584084
loc67,14,0.0018974312195821827,43.888385296101376,0.9447095417321958,0.02013094253510677
loc66,14,0.0016003669294996424,45.77114971662209,0.9616887578220085,0.016979216089812614
loc14,14,3.255539230978631e-16,45.92292018727608,0.9616887578220119,3.4539893991017955e-15
loc17,14,5.987191815909404e-15,47.86899881095029,0.9616887578220754,6.352157229671502e-14
loc36,14,6.224849486222494e-8,49.790597431296696,0.9616894182522718,6.604301963811255e-7
loc16,14,2.6948749255357425e-15,53.179778308309075,0.9616894182523004,2.859148289823448e-14
loc83,14,0.0036057947181048554,55.16437662901261,0.9999453747868114,0.038255956534511096
loc45,14,5.148670229000697e-6,56.79437600205908,0.999999999999806,5.462521299457242e-5
loc19,14,1.8281609073243693e-14,62.80388822971769,1,1.9396013826724914e-13
loc61,15,2.940305752273716e-4,6.5054820508098645,0.004615925759949924,0.004615925759949924
loc137,15,7.278031748618753e-17,7.127614797556881,0.004615925759951066,1.1425632930930411e-15
loc33,15,6.844565300822353e-10,7.393063341857737,0.004615936505093902,1.0745142835330608e-8
loc73,15,0.002165028393146783,8.497141934334714,0.03860427368132548,0.03398833717623157
loc22,15,1.571322672861523e-14,8.510882162533118,0.038604273681572154,2.466787271101346e-13
loc105,15,2.9182319043883966e-5,8.660622681619051,0.0390624009294122,4.5812724784004554e-4
loc87,15,0.002102557524495823,9.553441303024758,0.0720700207376305,0.0330076198082183
loc15,15,5.725587492474607e-17,9.772744947293202,0.0720700207376314,8.988482499455498e-16
loc119,15,1.175538497351381e-8,9.80714131239609,0.07207020528301167,1.8454538027349796e-7
loc68,15,9.333806621473453e-4,9.81891695809218,0.08672315706842848,0.014652951785416816
loc23,15,2.931079335032166e-14,9.841270762040564,0.08672315706888863,4.601441396551871e-13
loc4,15,4.843846023238466e-26,10.029731119011675,0.08672315706888863,7.604254631889053e-25
loc107,15,1.1947215246081026e-5,10.219740705582709,0.08691071395330927,1.8755688442063129e-4
loc1,15,6.859600080453814e-53,10.259861042484232,0.08691071395330927,1.0768745627843723e-51
loc135,15,1.780883267028138e-14,10.576307755627608,0.08691071395358883,2.7957721544373977e-13
loc128,15,3.507293375265207e-11,10.631435463417674,0.08691071450419163,5.506028012926628e-10
loc49,15,8.614448925533618e-6,11.159585326591587,0.08704595097295818,1.3523646876653774e-4
loc113,15,9.651444284201551e-7,11.315462767657522,0.08706110257760259,1.5151604644420718e-5
loc126,15,2.1290007109365631e-10,11.436800078861564,0.0870611059198772,3.342274597451098e-9
loc120,15,6.572264936189751e-9,11.582868577739356,0.08706120909651792,1.031766407174304e-7
loc30,15,1.0330788894807904e-10,11.650056713030128,0.0870612107183273,1.6218093830300835e-9
loc81,15,0.0031527432434550343,11.707843660312864,0.13655548096800652,0.04949427024967922
loc79,15,0.0032588162240287846,11.978692602464356,0.1877149692076394,0.05115948823963288
loc136,15,4.102639521840791e-15,11.990493933669947,0.1877149692077038,6.44064973107281e-14
loc62,15,3.6841965468307743e-4,12.292262125315156,0.19349871388530548,0.005783744677601686
loc11,15,2.47297286231943e-19,12.706259430288071,0.19349871388530548,3.882269430657058e-18
loc78,15,0.003066513776597104,13.09926467379979,0.2416392854013463,0.04814057151604081
loc111,15,2.548277844491982e-6,13.39775770612417,0.24167929029313961,4.0004891793325335e-5
loc139,15,3.6210624953864854e-18,13.619630671445483,0.24167929029313967,5.684631823720303e-17
loc70,15,0.0011811718888427717,13.658652973168122,0.260222265779352,0.018542975486212313
loc134,15,4.381551000131703e-14,13.826703240054773,0.2602222657800399,6.878507146545051e-13
loc95,15,5.229313673682861e-4,13.92398810650927,0.268431658178958,0.008209392398918125
loc5,15,1.0189010738478107e-25,14.052798684357782,0.268431658178958,1.5995519207408352e-24
loc92,15,9.514731922438446e-4,14.373654008447904,0.28336864088758923,0.014936982708631245
loc51,15,1.6835918346679132e-5,14.40426845640002,0.28363294452039595,2.6430363280673986e-4
loc37,15,1.8741789617297692e-8,14.43561544316128,0.2836332387439114,2.942235154121246e-7
loc122,15,2.3384396318656304e-9,14.575154971883348,0.28363327545459605,3.6710684684643465e-8
loc32,15,4.1626342352718204e-10,14.925983799510716,0.2836332819894303,6.534834202525465e-9
loc69,15,0.0010507470657003515,15.297706250337782,0.30012874489837243,0.016495462908942198
loc108,15,8.283624992861426e-6,15.354625145761624,0.3002587878299987,1.3004293162622967e-4
loc31,15,1.6519470721683662e-10,15.41903666978217,0.30025879042335657,2.593357863752522e-9
loc133,15,8.080766288116672e-14,15.66913466865259,0.3002587904246251,1.2685829438182985e-12
loc21,15,6.099831548345307e-15,15.84253000167424,0.30025879042472087,9.576000575310654e-14
loc91,15,0.0011315661813821917,15.85336694930975,0.3180230160726527,0.017764225647931838
loc27,15,1.2906958651257424e-11,15.935869555647374,0.3180230162752764,2.0262369950770184e-10
loc82,15,0.0030738324293559743,16.107951798556133,0.3662784818215441,0.048255465546267674
loc138,15,9.250966003299393e-18,16.231704852258247,0.36627848182154427,1.4522901996171554e-16
loc39,15,7.271610823437993e-8,16.248660041996683,0.36627962337682946,1.1415552852040093e-6
loc57,15,1.0623011874188094e-4,16.336677165510828,0.36794730824669036,0.001667684869860909
loc109,15,5.795189182700704e-6,16.692227547638765,0.36803828573435987,9.097748766952425e-5
loc28,15,2.3879255295736565e-11,17.044166164407702,0.36803828610923545,3.7487553654165044e-10
loc6,15,9.123159065655372e-24,17.081046786221755,0.36803828610923545,1.4322260503253636e-22
loc121,15,3.95896327382065e-9,17.487369735909002,0.3680383482601888,6.215095332923476e-8
loc52,15,3.449065757918379e-5,17.66769123773117,0.36857981002713003,5.41461766941256e-4
loc43,15,4.77819754777526e-7,17.72884616029845,0.36858731122156524,7.501194435255515e-6
loc90,15,0.001341287992128082,17.842194000308627,0.38964391660890585,0.021056605387340586
loc63,15,4.422715388764808e-4,18.168984753442903,0.39658704688579616,0.006943130276890324
loc140,15,6.4463865440289834e-21,18.340173026973098,0.39658704688579616,1.0120050162867527e-19
loc112,15,1.6622662647624012e-6,18.359326206094156,0.3966131424633241,2.609557752787823e-5
loc100,15,1.5342787004020127e-4,18.43701087849412,0.39902177516101256,0.0024086326976885293
loc71,15,0.0017198984039795224,18.448923146993643,0.4260221078348739,0.027000332673861312
loc38,15,4.1561299238663845e-8,18.7252715132586,0.4260227602971956,6.524623217309431e-7
loc77,15,0.0028602480989785343,18.982795593712297,0.4709252091997061,0.044902448902510474
loc103,15,5.619553658855151e-5,19.18314247497054,0.47180741141535226,8.822022156461641e-4
loc96,15,4.23477659380639e-4,19.29264705320117,0.47845550042849927,0.006648089013147032
loc65,15,6.514958294214622e-4,19.65295181001958,0.4886831999770955,0.010227699548596196
loc72,15,0.001981650930122883,19.68031804774619,0.5197927319314153,0.031109531954319775
loc40,15,1.440817854537184e-7,19.700265494641584,0.5197949938418458,2.2619104305771698e-6
loc25,15,9.047866426755962e-13,19.72884762014308,0.5197949938560499,1.4204060132029777e-11
loc41,15,2.0547082540833447e-7,19.796972856270337,0.5197982195004415,3.2256443915299774e-6
loc75,15,0.0027176988254581738,19.885536700323872,0.5624628165632378,0.042664597062796336
loc131,15,5.488802497160746e-13,20.12627286195111,0.5624628165718545,8.616758586527845e-12
loc104,15,4.105456701197137e-5,20.78952790866185,0.5631073238081772,6.445072363226388e-4
loc84,15,0.002664491964775914,20.830707999676516,0.6049366372660647,0.04182931345788759
loc44,15,7.360772722721652e-7,20.941338138609954,0.6049481927923558,1.1555526290989849e-5
loc114,15,6.220594229329649e-7,21.075709980631583,0.6049579583757898,9.765583434020223e-6
loc47,15,4.692524299513712e-6,21.30783233127111,0.6050316253533705,7.366697758070409e-5
loc101,15,1.1437709288420326e-4,21.30785250539232,0.6068272079011519,0.0017955825477813472
loc46,15,2.2348180808085532e-6,21.33664253472704,0.6068622918523362,3.5083951184426846e-5
loc89,15,0.0015862889044587823,21.63179885130597,0.6317651163669359,0.024902824514599686
loc35,15,5.140353848549601e-9,21.87430425041652,0.6317651970642979,8.069736192037017e-8
loc24,15,2.3723587811820116e-13,22.289550025148017,0.6317651970680221,3.724317446045674e-12
loc80,15,0.0032674388182407747,22.443775427271035,0.6830600496476049,0.0512948525795827
loc127,15,1.1137609879689434e-10,22.604493316933393,0.6830600513960754,1.7484705564438654e-9
loc8,15,1.1207451820642928e-20,22.766131035993247,0.6830600513960754,1.7594348996630302e-19
loc76,15,0.002685029966167354,22.991303545513148,0.7252117867300122,0.0421517353339368
loc34,15,2.4950295425768813e-9,23.29122228619803,0.7252118258989698,3.916895761099264e-8
loc124,15,8.040217542861022e-10,23.498150761281433,0.7252118385211427,1.262217279376277e-8
loc129,15,5.152960885422622e-12,23.519769981850864,0.7252118386020379,8.089527720932887e-11
loc110,15,3.7595759975147136e-6,23.9748679317842,0.7252708594153666,5.9020813328674884e-5
loc130,15,1.9158702382058263e-12,23.994033416947957,0.7252708594454434,3.00768543489637e-11
loc18,15,8.680412020158253e-16,24.379476779994977,0.7252708594454571,1.362720098746297e-14
loc42,15,2.792980165571166e-7,24.447273302485783,0.7252752440877969,4.384642339770181e-6
loc50,15,1.2316089229835577e-5,24.64365046881912,0.7254685918493141,1.9334776151724379e-4
loc98,15,2.605064310431347e-4,25.82372817631102,0.7295582289380922,0.0040896370887781195
loc59,15,2.2278221205323905e-4,26.333697920862782,0.7330556412418295,0.0034974123037373244
loc10,15,1.3491585916618784e-19,26.75221683383964,0.7330556412418295,2.118016431690499e-18
loc60,15,2.519078279728789e-4,26.804646070337668,0.7370102906226766,0.003954649380847113
loc55,15,7.209618660676838e-5,27.362630052639567,0.7381421138852574,0.0011318232625807515
loc2,15,2.572618398748291e-30,27.409448146648263,0.7381421138852574,4.038700916773877e-29
loc53,15,4.6095012824785835e-5,28.20194857613279,0.7388657500477164,7.23636162459012e-4
loc7,15,4.124914405398894e-21,28.369694995108727,0.7388657500477164,6.475618614406192e-20
loc85,15,0.0025103186145323734,28.62866972449109,0.7782747276669361,0.03940897761921971
loc56,15,8.563104703046182e-5,28.95453591397163,0.7796190319303065,0.0013443042633703502
loc48,15,6.012410781469675e-6,29.51879292769392,0.779713419535351,9.4387605044562e-5
loc3,15,8.267251317569636e-27,29.97720718630224,0.779713419535351,1.2978588465243794e-25
loc97,15,3.3358610577798536e-4,30.117259445949784,0.7849503194653371,0.0052368999299860575
loc115,15,3.970095150211839e-7,30.185149093350244,0.7849565520363747,6.232571037601784e-6
loc86,15,0.0023403316045324833,30.730470972782225,0.8216969384122905,0.03674038637591586
loc117,15,7.045205043744175e-8,30.73560457690763,0.8216980444245963,1.1060123057066526e-6
loc123,15,1.3676091212398697e-9,30.82843225641902,0.8216980658944116,2.1469815400632966e-8
loc102,15,8.174651885322961e-5,31.029901731552663,0.822981387745784,0.0012833218513723062
loc64,15,5.092726441661561e-4,31.43635719659614,0.8309763546475306,0.007994966901746673
loc54,15,5.703428935155515e-5,31.450733957865847,0.8318717242709608,8.953696234301464e-4
loc88,15,0.0018462524158070726,31.825405949338784,0.8608556626892818,0.028983938418321017
loc116,15,2.3152178215180588e-7,32.83419056414057,0.8608592973023059,3.6346130241646722e-6
loc13,15,7.4524875158044e-18,32.92931048083315,0.860859297302306,1.1699507465611488e-16
loc9,15,2.484027543649827e-20,33.23741288033187,0.860859297302306,3.8996239483909904e-19
loc106,15,1.7404059584301104e-5,35.10971149949483,0.8611325200680023,2.7322276569624e-4
loc99,15,2.0093751401467787e-4,35.23399275249702,0.8642869969327414,0.003154476864739022
loc26,15,4.681514750815621e-12,35.41524164084468,0.8642869970062355,7.349414093131264e-11
loc132,15,1.5367547299418475e-13,35.680247453251866,0.864286997008648,2.412519765734593e-12
loc118,15,2.1004098742533102e-8,36.732933511644504,0.8642873267476908,3.297390428706846e-7
loc125,15,4.423094306673379e-10,37.01158750046242,0.864287333691416,6.943725132351776e-9
loc12,15,1.2336548139059876e-18,38.688744742192526,0.864287333691416,1.9366894174156534e-17
loc93,15,7.853913927916755e-4,39.61719904462325,0.8766170322570384,0.012329698565622368
loc94,15,6.448873585933223e-4,40.709399370216154,0.8867409867760372,0.01012395451899885
loc74,15,0.002621598665288574,41.349202214519785,0.9278969271131882,0.041155940337150906
loc29,15,3.689449358509432e-11,42.193650086043554,0.9278969276923872,5.79199095903719e-10
loc20,15,3.709786084011531e-15,43.33417809125323,0.9278969276924455,5.823917167747144e-14
loc58,15,1.7861928606874823e-4,43.76815792116223,0.9307010352691866,0.0028041075767410413
loc67,15,8.594520641946184e-4,43.888385296101376,0.9441933971417241,0.013492361872537556
loc66,15,7.004767251747798e-4,45.77114971662209,0.9551900377376189,0.010996640595894851
loc14,15,2.3793659143875435e-17,45.92292018727608,0.9551900377376193,3.7353178009039414e-16
loc17,15,4.950650952666473e-16,47.86899881095029,0.9551900377376271,7.771925502394657e-15
loc36,15,1.2563660110149589e-8,49.790597431296696,0.9551902349719531,1.972343260453417e-7
loc16,15,2.1717813144339958e-16,53.179778308309075,0.9551902349719565,3.4094349903991105e-15
loc83,15,0.0028529971485825338,55.16437662901261,0.999978852689764,0.04478861771780754
loc45,15,1.3470658129047926e-6,56.79437600205908,0.999999999999976,2.1147310211962884e-5
loc19,15,1.5227567971354527e-15,62.80388822971769,0.9999999999999999,2.390544697809388e-14
loc61,16,9.32379773976228e-5,6.5054820508098645,0.0025222896888603763,0.0025222896888603763
loc137,16,1.413647699375238e-15,7.127614797556881,0.0025222896888986187,3.824223900320542e-14
loc33,16,8.936655599203478e-11,7.393063341857737,0.002522292106457954,2.4175593357886358e-9
loc73,16,9.691686147960918e-4,8.497141934334714,0.02874040700016008,0.026218114893702123
loc22,16,1.1304980429204389e-15,8.510882162533118,0.02874040700019066,3.058242613709635e-14
loc105,16,3.665407936852727e-5,8.660622681619051,0.02973197941549129,9.91572415300628e-4
loc87,16,0.0015475240929085923,9.553441303024758,0.07159586548157693,0.04186388606608564
loc15,16,3.443257371138083e-18,9.772744947293202,0.07159586548157702,9.314758648481261e-17
loc119,16,3.671522546715113e-8,9.80714131239609,0.07159685870812703,9.932265500038644e-7
loc68,16,3.416025118009664e-4,9.81891695809218,0.08083794820034021,0.009241089492213184
loc23,16,2.1375285262388186e-15,9.841270762040564,0.08083794820039804,5.782478676456734e-14
loc4,16,9.248055783774957e-28,10.029731119011675,0.08083794820039804,2.50179984556549e-26
loc107,16,1.7581776429521757e-5,10.219740705582709,0.08131357341919608,4.756252187980408e-4
loc1,16,1.7153497660453314e-56,10.259861042484232,0.08131357341919608,4.640393483906172e-55
loc135,16,1.5790044495035617e-13,10.576307755627608,0.08131357342346762,4.271549804928556e-12
loc128,16,1.4993618668374383e-10,10.631435463417674,0.08131357747956695,4.056099330068626e-9
loc49,16,2.0627328529989635e-6,11.159585326591587,0.08136937888100454,5.5801401437580765e-5
loc113,16,1.646513668300945e-6,11.315462767657522,0.08141392064997076,4.4541768966226326e-5
loc126,16,7.649523077311197e-10,11.436800078861564,0.08141394134359124,2.0693620476470625e-8
loc120,16,2.1170566206893557e-8,11.582868577739356,0.08141451405336403,5.727097727920575e-7
loc30,16,1.2456831816880758e-11,11.650056713030128,0.08141451439034837,3.3698434183737753e-10
loc81,16,0.001891558926960423,11.707843660312864,0.13258528954559876,0.05117077515525037
loc79,16,0.0018411638368708626,11.978692602464356,0.18239276811666852,0.04980747857106976
loc136,16,4.2740871094029674e-14,11.990493933669947,0.18239276811782473,1.156233344634202e-12
loc62,16,1.1985286094054876e-4,12.292262125315156,0.18563504818189733,0.0032422800640725846
loc11,16,1.1349323392431835e-20,12.706259430288071,0.18563504818189733,3.0702383478561535e-19
loc78,16,0.0016435427795036923,13.09926467379979,0.23009644815697636,0.04446139997507904
loc111,16,3.964301381394928e-6,13.39775770612417,0.2302036911150168,1.0724295804042518e-4
loc139,16,9.483709457532421e-17,13.619630671445483,0.23020369111501934,2.565549279867963e-15
loc70,16,4.5142799319160623e-4,13.658652973168122,0.24241579828712487,0.012212107172105507
loc134,16,3.6769598793398865e-13,13.826703240054773,0.24241579829707183,9.94697466512047e-12
loc95,16,4.3956658771899225e-4,13.92398810650927,0.2543070287024991,0.011891230405427285
loc5,16,1.9576168622685117e-27,14.052798684357782,0.2543070287024991,5.295778570337114e-26
loc92,16,7.558889114000325e-4,14.373654008447904,0.2747554646334657,0.020448435930966544
loc51,16,4.197508347781945e-6,14.40426845640002,0.27486901634619065,1.1355171272500908e-4
loc37,16,3.0495576834892107e-9,14.43561544316128,0.274869098843346,8.249715529378143e-8
loc122,16,7.67719492324036e-9,14.575154971883348,0.27486930652813424,2.0768478826691167e-7
loc32,16,5.362902512408253e-11,14.925983799510716,0.2748693079789158,1.4507815470647075e-9
loc69,16,3.925048378229859e-4,15.297706250337782,0.2854874158883863,0.010618107909470513
loc108,16,1.233048213214855e-5,15.354625145761624,0.2858209821969728,3.335663085864875e-4
loc31,16,2.0077033309068507e-11,15.41903666978217,0.2858209827401001,5.431273340734324e-10
loc133,16,6.776655716562412e-13,15.66913466865259,0.28582098275843243,1.833232478429749e-11
loc21,16,4.208619187009668e-16,15.84253000167424,0.2858209827584438,1.1385228504543981e-14
loc91,16,8.779956160435896e-4,15.85336694930975,0.30957267011827516,0.023751687359831367
loc27,16,1.425827752647789e-12,15.935869555647374,0.3095726701568469,3.857173588459003e-11
loc82,16,0.0019129226943331327,16.107951798556133,0.3613213815958242,0.0517487114389773
loc138,16,2.3078628189515044e-16,16.231704852258247,0.3613213815958305,6.243269914276407e-15
loc39,16,1.2928989407392172e-8,16.248660041996683,0.36132173135306006,3.497572296166277e-7
loc57,16,3.0474059693850845e-5,16.336677165510828,0.3621461208206235,8.243894675634106e-4
loc109,16,8.632004188044356e-6,16.692227547638765,0.3623796352721957,2.3351445157216563e-4
loc28,16,2.6904227935103147e-12,17.044166164407702,0.3623796353449774,7.27817769127091e-11
loc6,16,2.359099607742992e-25,17.081046786221755,0.3623796353449774,6.381876550398461e-24
loc121,16,1.2858626432014131e-8,17.487369735909002,0.3623799831987358,3.478537583892682e-7
loc52,16,9.37166516052549e-6,17.66769123773117,0.3626335070852637,2.535238865278961e-4
loc43,16,9.325506806691113e-8,17.72884616029845,0.3626360298372923,2.5227520285649136e-6
loc90,16,0.0010265668178031115,17.842194000308627,0.3904068907218937,0.027770860884601446
loc63,16,1.467051926909097e-4,18.168984753442903,0.3943755846506403,0.003968693928746577
loc140,16,4.47413434922385e-19,18.340173026973098,0.3943755846506403,1.210350465615213e-17
loc112,16,2.6418496571442936e-6,18.359326206094156,0.39444705241877215,7.146776813183278e-5
loc100,16,1.5038668968010807e-4,18.43701087849412,0.39851533883284074,0.004068286414068575
loc71,16,7.203662288074374e-4,18.448923146993643,0.4180028090873227,0.01948747025448194
loc38,16,7.1665610960209896e-9,18.7252715132586,0.4180030029583574,1.9387103476080475e-7
loc77,16,0.001461740609147972,18.982795593712297,0.45754625957061873,0.039543256612261275
loc103,16,6.8640274293665e-5,19.18314247497054,0.4594031279940201,0.0018568684234013997
loc96,16,3.7704424034095996e-4,19.29264705320117,0.4696029931798606,0.010199865185840507
loc65,16,2.2737921193029508e-4,19.65295181001958,0.4757540944555475,0.006151101275686874
loc72,16,8.626319826360786e-4,19.68031804774619,0.4990901621804533,0.023336067724905825
loc40,16,2.6895166131095485e-8,19.700265494641584,0.49909088975308097,7.275726276573922e-7
loc25,16,8.362356817175749e-14,19.72884762014308,0.49909088975534316,2.262199048418165e-12
loc41,16,3.8644985618811624e-8,19.796972856270337,0.4990919351860944,1.0454307512141645e-6
loc75,16,0.001324818677443612,19.885536700323872,0.5349311563167198,0.03583922113062547
loc131,16,3.98054829685142e-12,20.12627286195111,0.5349311564244024,1.0768247237219723e-10
loc104,16,5.046275690484954e-5,20.78952790866185,0.5362962835428271,0.0013651271184247603
loc84,16,0.0017334545195417225,20.830707999676516,0.5831899912656201,0.046893707722793006
loc44,16,1.4687799016217572e-7,20.941338138609954,0.5831939646340956,3.97336847545169e-6
loc114,16,1.0774547802618246e-6,21.075709980631583,0.5832231121248318,2.9147490736291024e-5
loc47,16,1.0969207106342667e-6,21.30783233127111,0.5832527862112412,2.9674086409351355e-5
loc101,16,1.1799371169423365e-4,21.30785250539232,0.5864447722523747,0.0031919860411334655
loc46,16,4.85160007706145e-7,21.33664253472704,0.5864578968837646,1.3124631389910761e-5
loc89,16,0.0012084302681317717,21.63179885130597,0.6191485588874779,0.0326906620037133
loc35,16,7.775067432335715e-10,21.87430425041652,0.619148579920723,2.103324520988e-8
loc24,16,2.0136445904399757e-14,22.289550025148017,0.6191485799212678,5.447345737495289e-13
loc80,16,0.0019133024840818427,22.443775427271035,0.6709075654973923,0.05175898557612445
loc127,16,4.1143731999923815e-10,22.604493316933393,0.6709075766276649,1.1130272650818832e-8
loc8,16,4.629106365730523e-22,22.766131035993247,0.6709075766276649,1.2522737602003921e-20
loc76,16,0.001320316641720442,22.991303545513148,0.7066250079189955,0.03571743129133063
loc34,16,3.61626626865281e-10,23.29122228619803,0.7066250177017808,9.782785272891523e-9
loc124,16,2.6855166171434164e-9,23.498150761281433,0.706625090350835,7.264905419169613e-8
loc129,16,2.9796282212299545e-11,23.519769981850864,0.7066250911568891,8.060541153735187e-10
loc110,16,5.808468403202913e-6,23.9748679317842,0.7067822228361724,1.571316792833339e-4
loc130,16,1.2106373839072575e-11,23.994033416947957,0.7067822231636761,3.275036927662945e-10
loc18,16,5.76035862915565e-17,24.379476779994977,0.7067822231636777,1.558302054590432e-15
loc42,16,5.266397192040759e-8,24.447273302485783,0.7067836478384407,1.4246747629755338e-6
loc50,16,3.0170777868780072e-6,24.64365046881912,0.7068652663420241,8.161850358334891e-5
loc98,16,2.3500227068843892e-4,25.82372817631102,0.7132225879051936,0.006357321563169571
loc59,16,6.985589523501583e-5,26.333697920862782,0.7151123415139188,0.0018897536087251442
loc10,16,6.1877270888812636e-21,26.75221683383964,0.7151123415139188,1.6739145002265105e-19
loc60,16,7.911696727269321e-5,26.804646070337668,0.7172526272251241,0.0021402857112053334
loc55,16,2.0350799168534663e-5,27.362630052639567,0.7178031605199848,5.505332948607273e-4
loc2,16,2.596781054769288e-32,27.409448146648263,0.7178031605199848,7.024856460302775e-31
loc53,16,1.275875487890545e-5,28.20194857613279,0.71814831253606215,3.451520160773107e-4
loc7,16,1.6526595637191527e-22,28.369694995108727,0.71814831253606215,4.4708028778749404e-21
loc85,16,0.0017040297100579223,28.62866972449109,0.7642460152871775,0.046097702751115424
loc56,16,2.4253353561516154e-5,28.95453591397163,0.7649021211500022,6.56105862824701e-4
loc48,16,1.4093447174581672e-6,29.51879292769392,0.7649402469840038,3.812583400146997e-5
loc3,16,1.4519346292192536e-28,29.97720718630224,0.7649402469840038,3.927798356844674e-27
loc97,16,2.979807516847326e-4,30.117259445949784,0.7730012731713053,0.008061026187301527
loc115,16,6.979281713213716e-7,30.185149093350244,0.7730201536433964,1.8880472091128358e-5
loc86,16,0.0016679018090921024,30.730470972782225,0.8181405182472282,0.04512036460383189
loc117,16,1.7003516997344013e-7,30.73560457690763,0.818145118067687,4.599820458766882e-6
loc123,16,4.537905127193061e-9,30.82843225641902,0.8181452408278715,1.227601845386826e-7
loc102,16,9.166745900363922e-5,31.029901731552663,0.8206250445849059,0.0024798037570343675
loc64,16,1.711797567739169e-4,31.43635719659614,0.8252558286012855,0.00463078401637964
loc54,16,1.589885843857413e-5,31.450733957865847,0.8256859272351635,4.3009863387800967e-4
loc88,16,0.001390369210910842,31.825405949338784,0.8632984325926507,0.03761250535748716
loc116,16,4.270969578991222e-7,32.83419056414057,0.8633099864925006,1.1553899849827246e-5
loc13,16,4.1382619179897174e-19,32.92931048083315,0.8633099864925006,1.1194896818745398e-17
loc9,16,1.0410843873473718e-21,33.23741288033187,0.8633099864925006,2.8163592655397395e-20
loc106,16,2.5015599894491612e-5,35.10971149949483,0.8639867127733105,6.767262808099226e-4
loc99,16,1.9538282438277403e-4,35.23399275249702,0.8692722423083351,0.00528552953502457
loc26,16,4.874192800284143e-13,35.41524164084468,0.8692722423215208,1.3185749610638411e-11
loc132,16,1.2774940360348317e-12,35.680247453251866,0.8692722423560798,3.4558986848565375e-11
loc118,16,6.341792841005747e-8,36.732933511644504,0.8692739579487104,1.7155926306231927e-6
loc125,16,1.5087927509819634e-9,37.01158750046242,0.8692739987648296,4.081611918928344e-8
loc12,16,6.169792564464133e-20,38.688744742192526,0.8692739987648296,1.6690628220504566e-18
loc93,16,6.322565929092453e-4,39.61719904462325,0.8863779121005735,0.017103913335743827
loc94,16,5.308959056219775e-4,40.709399370216154,0.9007397988122284,0.014361886711654968
loc74,16,0.0012513415025139616,41.349202214519785,0.9345913028573439,0.0338515040451155
loc29,16,4.16533989195211e-12,42.193650086043554,0.9345913029700254,1.1268148616378574e-10
loc20,16,2.559204787129504e-16,43.33417809125323,0.9345913029700323,6.923204499311072e-15
loc58,16,5.498441567262502e-5,43.76815792116223,0.9360787507737061,0.0014874478036737305
loc67,16,3.1143488861158034e-4,43.888385296101376,0.9445037405710115,0.008424989797305457
loc66,16,2.4527757152042193e-4,45.77114971662209,0.951139031327227,0.0066352907562154725
loc14,16,1.3911998603923951e-18,45.92292018727608,0.951139031327227,3.763497622913042e-17
loc17,16,3.274850127902885e-17,47.86899881095029,0.9511390313272279,8.85918049782055e-16
loc36,16,2.028586306707969e-9,49.790597431296696,0.9511390862048912,5.487766323536013e-8
loc16,16,1.4001789939952852e-17,53.179778308309075,0.9511390862048915,3.787788128491991e-16
loc83,16,0.0018058915420671726,55.16437662901261,0.99999237263270635,0.04885328642781485
loc45,16,2.8195028597107016e-7,56.79437600205908,0.9999999999999973,7.627367290940359e-6
loc19,16,1.0146976686492742e-16,62.80388822971769,1,2.744977463453621e-15
loc61,17,2.3098470558921555e-5,6.5054820508098645,0.0012907314539302747,0.0012907314539302747
loc137,17,2.1451539532908418e-14,7.127614797556881,0.0012907314551289764,1.1987017382698252e-12
loc33,17,9.115787693949085e-12,7.393063341857737,0.0012907319645148196,5.093858432711725e-10
loc73,17,3.3894178899649763e-4,8.497141934334714,0.020230636534958525,0.018939904570443707
loc22,17,6.35424978626219e-17,8.510882162533118,0.020230636534962078,3.5507242976702353e-15
loc105,17,3.5967881686711755e-5,8.660622681619051,0.02224050450894144,0.00200986797397936
loc87,17,8.898503631260738e-4,9.553441303024758,0.07196491591740506,0.04972441140846363
loc15,17,1.6177408294726727e-19,9.772744947293202,0.07196491591740507,9.039858148102085e-18
loc119,17,8.958711955075229e-8,9.80714131239609,0.07196992200266843,5.0060852633598186e-6
loc68,17,9.767273351148901e-5,9.81891695809218,0.0774278274952871,0.0054579054926186645
loc23,17,1.2178289543259609e-16,9.841270762040564,0.07742782749529391,6.805169774534732e-15
loc4,17,1.379432908424863e-29,10.029731119011675,0.07742782749529391,7.708204917501774e-28
loc107,17,2.021384115792468e-5,10.219740705582709,0.07855736724212387,0.0011295397468299691
loc1,17,3.35117115220032e-60,10.259861042484232,0.07855736724212387,1.8726183634604527e-58
loc135,17,1.0937581059288256e-12,10.576307755627608,0.07855736730324255,6.111867825674124e-11
loc128,17,5.007614150337015e-10,10.631435463417674,0.0785573952855502,2.7982307644563314e-8
loc49,17,3.858766514352279e-7,11.159585326591587,0.07857895788771792,2.1562602167716492e-5
loc113,17,2.1944637086754164e-6,11.315462767657522,0.07870158346702069,1.2262557930277476e-4
loc126,17,2.1472516355372356e-9,11.436800078861564,0.07870170345441199,1.1998739130460143e-7
loc120,17,5.32770187808133e-8,11.582868577739356,0.07870468054866317,2.9770942511806e-6
loc30,17,1.1734693353140945e-12,11.650056713030128,0.07870468061423608,6.557290351536033e-11
loc81,17,8.866274586800895e-4,11.707843660312864,0.12824899766836434,0.049544317054128255
loc79,17,8.126715062027946e-4,11.978692602464356,0.17366069157654374,0.0454116939081794
loc136,17,3.478671421759788e-13,11.990493933669947,0.17366069159598238,1.9438649024402515e-11
loc62,17,3.0460992505932783e-5,12.292262125315156,0.17536283724432947,0.0017021456483470954
loc11,17,4.0692148629536744e-22,12.706259430288071,0.17536283724432947,2.273857744397819e-20
loc78,17,6.881880636821078e-4,13.09926467379979,0.21381845610221026,0.03845561885788077
loc111,17,4.818108542800615e-6,13.39775770612417,0.21408768969621722,2.692335940069821e-4
loc139,17,1.9404858982489868e-15,13.619630671445483,0.21408768969632566,1.0843342109552422e-13
loc70,17,1.3478882905530276e-4,13.658652973168122,0.22161962480243222,0.0075319351061065645
loc134,17,2.4106820909901533e-12,13.826703240054773,0.22161962493714,1.347077587812667e-10
loc95,17,2.8866536840453785e-4,13.92398810650927,0.23775010724373577,0.016130482306595775
loc5,17,2.9384168439232696e-29,14.052798684357782,0.23775010724373577,1.6419732360787824e-27
loc92,17,4.691475176297382e-4,14.373654008447904,0.26396584546732677,0.026215738223591002
loc51,17,8.175914790708459e-7,14.40426845640002,0.2640115320869586,4.5686619631814583e-5
loc37,17,3.876615046686613e-10,14.43561544316128,0.26401155374929747,2.1662338910162926e-8
loc122,17,1.9691055778668523e-8,14.575154971883348,0.2640126540760481,1.1003267506300904e-6
loc32,17,5.397859589182417e-12,14.925983799510716,0.2640126543776779,3.016298043580158e-10
loc69,17,1.1454651286291129e-4,15.297706250337782,0.27041345856568866,0.006400804188010763
loc108,17,1.433935831065984e-5,15.354625145761624,0.27121473502914684,8.012764634581622e-4
loc31,17,1.9063076066634976e-12,15.41903666978217,0.2712147351356704,1.0652355455789096e-10
loc133,17,4.439850313178119e-12,15.66913466865259,0.2712147353837671,2.480967055954175e-10
loc21,17,2.2685661635800136e-17,15.84253000167424,0.2712147353837684,1.2676638893408044e-15
loc91,17,5.32224381289987e-4,15.85336694930975,0.30095517848917713,0.02974044310540876
loc27,17,1.2305527603070595e-13,15.935869555647374,0.3009551784960534,6.876269791964965e-12
loc82,17,9.300465396703419e-4,16.107951798556133,0.35292573296672,0.05197055447066659
loc138,17,4.498035993280967e-15,16.231704852258247,0.35292573296697133,2.5134809348646825e-13
loc39,17,1.795926514290055e-9,16.248660041996683,0.3529258333224834,1.0035551206857745e-7
loc57,17,6.829721448873437e-6,16.336677165510828,0.3533074748806617,3.8164155817833396e-4
loc109,17,1.0044901840311223e-5,16.692227547638765,0.35386877917671283,5.613042960510686e-4
loc28,17,2.3681560620671886e-13,17.044166164407702,0.35386877918994597,1.3233142468582943e-11
loc6,17,4.765816758894958e-27,17.081046786221755,0.35386877918994597,2.663115542079839e-25
loc121,17,3.262854563376568e-8,17.487369735909002,0.35387060245742324,1.823267477302055e-6
loc52,17,1.989399857758835e-6,17.66769123773117,0.353981769167111,1.1116670968770972e-4
loc43,17,1.4219057685343392e-8,17.72884616029845,0.3539825637212332,7.945541222266366e-7
loc90,17,6.138219835146968e-4,17.842194000308627,0.38828264169458976,0.03430007797335654
loc63,17,3.8018240193342295e-5,18.168984753442903,0.3904070827183124,0.0021244410237226635
loc140,17,2.4260052073095144e-17,18.340173026973098,0.39040708271831376,1.3556400717031827e-15
loc112,17,3.280240130083338e-6,18.359326206094156,0.3905903809631712,1.8329824485749748e-4
loc100,17,1.1516077364957e-4,18.43701087849412,0.39702550974926454,0.0064351287860933025
loc71,17,2.3571863969077168e-4,18.448923146993643,0.41019735425517806,0.013171844505913528
loc38,17,9.654338682377535e-10,18.7252715132586,0.4101974082031595,5.394798141484501e-8
loc77,17,5.836156773196997e-4,18.982795593712297,0.44280957227704476,0.032612164073885265
loc103,17,6.550074332423469e-5,19.18314247497054,0.4464697223916916,0.0036601501146468307
loc96,17,2.62267301815528e-4,19.29264705320117,0.4611250934010928,0.014655371009401221
loc65,17,6.199831756784031e-5,19.65295181001958,0.46458952964467176,0.003464436243578961
loc72,17,2.9336884201385037e-4,19.68031804774619,0.4809828398001844,0.01639331015551263
loc40,17,3.922197073161933e-9,19.700265494641584,0.4809830589706753,2.1917049087425526e-7
loc25,17,6.038113040918035e-15,19.72884762014308,0.4809830589710127,3.3740686009573455e-13
loc41,17,5.678402390393501e-9,19.796972856270337,0.48098337627741417,3.1730640150643586e-7
loc75,17,5.045469533768693e-4,19.885536700323872,0.5091772179885782,0.02819384171116404
loc131,17,2.255268332630797e-11,20.12627286195111,0.5091772192488113,1.2602331251993353e-9
loc104,17,4.8458559618337336e-5,20.78952790866185,0.5118850603135258,0.00270784106471436
loc84,17,8.810499252306428e-4,20.830707999676516,0.5611177074741783,0.04923264716065262
loc44,17,2.2897078038218843e-8,20.941338138609954,0.5611189869519149,1.2794777364863336e-6
loc114,17,1.457995762631808e-6,21.075709980631583,0.5612004590556944,8.14721037795758e-5
loc47,17,2.0032445635508487e-7,21.30783233127111,0.5612116530902149,1.1194034520572288e-5
loc101,17,9.509741286683253e-5,21.30785250539232,0.5665256509006547,0.005313997810439672
loc46,17,8.228446363079758e-8,21.33664253472704,0.5665302489170084,4.598016353815717e-6
loc89,17,7.192020775820177e-4,21.63179885130597,0.6067189159934339,0.04018866707642539
loc35,17,9.187669054270336e-11,21.87430425041652,0.6067189211274593,5.134025392026744e-9
loc24,17,1.3352890883759208e-15,22.289550025148017,0.6067189211275339,7.46153136875549e-14
loc80,17,8.752857071390973e-4,22.443775427271035,0.6556294665464676,0.04891054541893371
loc127,17,1.187422827058195e-9,22.604493316933393,0.6556295328990855,6.63526179401888e-8
loc8,17,1.493748456954201e-23,22.766131035993247,0.6556295328990855,8.346994718686769e-22
loc76,17,5.072208388877314e-4,22.991303545513148,0.6839727900498681,0.02834325715078262
loc34,17,4.0948230467549046e-11,23.29122228619803,0.6839727923380357,2.2881674746572147e-9
loc124,17,7.007739007164868e-9,23.498150761281433,0.6839731839271296,3.9158909393627477e-7
loc129,17,1.3460380676879585e-10,23.519769981850864,0.6839731914487257,7.521596149496282e-9
loc110,17,7.010910524989524e-6,23.9748679317842,0.6843649577655565,3.917663168308617e-4
loc130,17,5.976571239037611e-11,23.994033416947957,0.6843649611052359,3.3396793372976664e-9
loc18,17,2.986405219323759e-18,24.379476779994977,0.684364961105236,1.6687889100405813e-16
loc42,17,7.75799329372631e-9,24.447273302485783,0.6843653946181796,4.3351294355396495e-7
loc50,17,5.774178674310214e-7,24.64365046881912,0.6843976604516101,3.2265833430547175e-5
loc98,17,1.6562111288260392e-4,25.82372817631102,0.6936524887869844,0.009254828335374181
loc59,17,1.7112586008435396e-5,26.333697920862782,0.6946087318838089,9.562430968245869e-4
loc10,17,2.21712065828845e-22,26.75221683383964,0.6946087318838089,1.2389163877805723e-20
loc60,17,1.9412775401321354e-5,26.804646070337668,0.6956935084604507,0.0010847765766418456
loc55,17,4.487874184674107e-6,27.362630052639567,0.6959442887169471,2.5078025649638547e-4
loc2,17,2.0477895721223065e-34,27.409448146648263,0.6959442887169471,1.1442949891536393e-32
loc53,17,2.7590062094740574e-6,28.20194857613279,0.6960984606603697,1.5417194342253336e-4
loc7,17,5.172993010279134e-24,28.369694995108727,0.6960984606603697,2.890643678029077e-22
loc85,17,9.036817440567837e-4,28.62866972449109,0.7465957629999891,0.050497302339619375
loc56,17,5.3666388697731605e-6,28.95453591397163,0.7468956482055238,2.998852055347706e-4
loc48,17,2.5809277634481866e-7,29.51879292769392,0.7469100703060525,1.4422100528720133e-5
loc3,17,1.9921545022825214e-30,29.97720718630224,0.7469100703060525,1.1132063790222286e-28
loc97,17,2.0794979644272945e-4,30.117259445949784,0.7585302051726599,0.011620134866607398
loc115,17,9.58540731341954e-7,30.185149093350244,0.7585837679688918,5.35627962319144e-5
loc86,17,9.286532700193281e-4,30.730470972782225,0.8104764671998453,0.05189269923095353
loc117,17,3.2060767359213944e-7,30.73560457690763,0.8104943826028423,1.7915402996972534e-5
loc123,17,1.1763562537481385e-8,30.82843225641902,0.8104950399450737,6.57342231325292e-7
loc102,17,8.030658329231464e-5,31.029901731552663,0.8149825332944126,0.004487493349338948
loc64,17,4.495153140348287e-5,31.43635719659614,0.8174944033048883,0.0025118700104756527
loc54,17,3.4624688954073015e-6,31.450733957865847,0.8176878844057325,1.9348110084419707e-4
loc88,17,8.180111768651154e-4,31.825405949338784,0.8633979565489516,0.04571007214321905
loc116,17,6.155327000691483e-7,32.83419056414057,0.8634323522209453,3.4395671993746644e-5
loc13,17,1.7952491183277987e-20,32.92931048083315,0.8634323522209453,1.0031765950717e-18
loc9,17,3.408831155165068e-23,33.23741288033187,0.8634323522209453,1.9048384965079922e-21
loc106,17,2.809061923931806e-5,35.10971149949483,0.8650020425482801,0.001569690327334797
loc99,17,1.4842319362852935e-4,35.23399275249702,0.8732958594059999,0.008293816857719726
loc26,17,3.964688233753978e-14,35.41524164084468,0.8732958594082153,2.215448765440879e-12
loc132,17,8.29665888358732e-12,35.680247453251866,0.8732958598718286,4.636133183043169e-10
loc118,17,1.4959259012976434e-7,36.732933511644504,0.8733042190340018,8.359162173220585e-6
loc125,17,4.020897559877337e-9,37.01158750046242,0.8733044437198285,2.2468582672287026e-7
loc12,17,2.4106685286010772e-21,38.688744742192526,0.8733044437198285,1.3470700092147134e-19
loc93,17,3.976405137637613e-4,39.61719904462325,0.89552440487105045,0.022219961151221955
loc94,17,3.414482715111449e-4,40.709399370216154,0.9146043704819916,0.01907996561094112
loc74,17,4.666330774634763e-4,41.349202214519785,0.9406796029953305,0.02607523251333884
loc29,17,3.6739172319405217e-13,42.193650086043554,0.9406796030158601,2.052967324527257e-11
loc20,17,1.379276197246117e-17,43.33417809125323,0.9406796030158608,7.707329222952762e-16
loc58,17,1.322333222572789e-5,43.76815792116223,0.9414185164770781,7.389134612172215e-4
loc67,17,8.816635720344514e-5,43.888385296101376,0.9463452102220449,0.004926693744966804
loc66,17,6.70983740081895e-5,45.77114971662209,0.9500946351728885,0.0037494249508436433
loc14,17,6.354887188157408e-20,45.92292018727608,0.9500946351728885,3.55108047479151e-18
loc17,17,1.6924294815540019e-18,47.86899881095029,0.9500946351728886,9.457214752934918e-17
loc36,17,2.5589442883309834e-10,49.790597431296696,0.9500946494721466,1.4299257924366366e-8
loc16,17,7.052466858497699e-19,53.179778308309075,0.9500946494721466,3.9408846481170715e-17
loc83,17,8.930422803705226e-4,55.16437662901261,0.9999974236849891,0.04990277421284252
loc45,17,4.610481618038024e-8,56.79437600205908,0.9999999999999997,2.576315010549714e-6
loc19,17,5.2824185421217734e-18,62.80388822971769,1,2.9517901402816574e-16
loc61,18,4.30858488346579e-6,6.5054820508098645,6.211134847110231e-4,6.211134847110231e-4
loc137,18,2.4509631947827915e-13,7.127614797556881,6.211135200434195e-4,3.533239641284391e-11
loc33,18,7.001231381125844e-13,7.393063341857737,6.21113620971203e-4,1.009277834373614e-10
loc73,18,8.925076379600043e-5,8.497141934334714,0.01348725283228991,0.012866139211318708
loc22,18,2.689179546432026e-18,8.510882162533118,0.013487252832290299,3.8766456371968707e-16
loc105,18,2.6574705128814157e-5,8.660622681619051,0.017318187618109916,0.0038309347858196175
loc87,18,3.852632581643964e-4,9.553441303024758,0.07285665588129661,0.0555384682631867
loc15,18,5.722811689880882e-21,9.772744947293202,0.07285665588129663,8.24984445516522e-19
loc119,18,1.6459096634133072e-7,9.80714131239609,0.07288038285231407,2.3726971017450616e-5
loc68,18,2.1027453311637814e-5,9.81891695809218,0.07591164141034067,0.0030312585580265974
loc23,18,5.2242231542864126e-18,9.841270762040564,0.07591164141034142,7.531093238336592e-16
loc4,18,1.5492152827569288e-31,10.029731119011675,0.07591164141034142,2.2333052008173792e-29
loc107,18,1.74983054111378e-5,10.219740705582709,0.07843414792800507,0.002522506517663654
loc1,18,4.929485327976071e-64,10.259861042484232,0.07843414792800507,7.10620747345754e-62
loc135,18,5.704535192360674e-12,10.576307755627608,0.07843414875035483,8.223497570120315e-10
loc128,18,1.2592625939390473e-9,10.631435463417674,0.07843433028211039,1.815317555629942e-7
loc49,18,5.4351941856896375e-8,11.159585326591587,0.07844216550525689,7.83522314648994e-6
loc113,18,2.2021784783632784e-6,11.315462767657522,0.07875962536403808,3.1745985878119337e-4
loc126,18,4.538293441795484e-9,11.436800078861564,0.0787602795916628,6.542276247340311e-7
loc120,18,1.0095048388555522e-7,11.582868577739356,0.07877483232963255,1.45527379697309e-5
loc30,18,8.323326629074137e-14,11.650056713030128,0.07877483234163121,1.1998673687064051e-11
loc81,18,3.1291294313781886e-4,11.707843660312864,0.12388348257835947,0.045108650236728255
loc79,18,2.700838885719461e-4,11.978692602464356,0.1628180167078777,0.03893453412951823
loc136,18,2.1317903786574477e-12,11.990493933669947,0.1628180170151906,3.073129081992872e-10
loc62,18,5.8290897550211775e-6,12.292262125315156,0.1636583222078139,8.403051926232926e-4
loc11,18,1.0985310109149107e-23,12.706259430288071,0.1636583222078139,1.5836114239523504e-21
loc78,18,2.1696731118716706e-4,13.09926467379979,0.19493571986034464,0.03127739765253073
loc111,18,4.409075581405173e-6,13.39775770612417,0.1955713198015759,6.355999412312823e-4
loc139,18,2.989536015510399e-14,13.619630671445483,0.19557131980588555,4.309631079541697e-12
loc70,18,3.03026327845106e-5,13.658652973168122,0.199939662162777,0.004368342356891462
loc134,18,1.1900139162576606e-11,13.826703240054773,0.19993966387826761,1.7154906085704272e-9
loc95,18,1.427334433408766e-4,13.92398810650927,0.2205157158248044,0.020576051946536784
loc5,18,3.320933359238127e-31,14.052798684357782,0.2205157158248044,4.787364174174693e-29
loc92,18,2.1924107316698637e-4,14.373654008447904,0.2521208926124541,0.03160517678764968
loc51,18,1.1990635272991658e-7,14.40426845640002,0.25213817797518856,1.728536273449489e-5
loc37,18,3.710475342239859e-11,14.43561544316128,0.25213818332410554,5.34891694625058e-9
loc122,18,3.8027387100665546e-8,14.575154971883348,0.25214366524532916,5.4819212236455225e-6
loc32,18,4.0907629380683074e-13,14.925983799510716,0.25214366530430044,5.897128853932405e-11
loc69,18,2.5169800847685543e-5,15.297706250337782,0.2557720730383528,0.0036284077340523768
loc108,18,1.2555685363553886e-5,15.354625145761624,0.25758206534441574,0.001809992306062934
loc31,18,1.362848154482061e-13,15.41903666978217,0.2575820653640622,1.9646435877606187e-11
loc133,18,2.1901924770008508e-11,15.66913466865259,0.2575820685213821,3.1573199051926416e-9
loc21,18,9.207130902254326e-19,15.84253000167424,0.2575820685213822,1.3272741082194202e-16
loc91,18,2.429171808962466e-4,15.85336694930975,0.2926003264421313,0.035018257920749085
loc27,18,7.996399116033576e-15,15.935869555647374,0.29260032644328404,1.1527384174695915e-12
loc82,18,3.404654064323193e-4,16.107951798556133,0.3416808623343699,0.049080535891085846
loc138,18,6.600805112420225e-14,16.231704852258247,0.34168086234388545,9.515535091363403e-12
loc39,18,1.8783373445277588e-10,16.248660041996683,0.34168088942146857,2.7077583129429578e-8
loc57,18,1.152488808869608e-6,16.336677165510828,0.34184702896833336,1.6613954686478261e-4
loc109,18,8.801177912199099e-6,16.692227547638765,0.3431157820347022,0.0012687530663688439
loc28,18,1.5694993955480276e-14,17.044166164407702,0.34311578203696474,2.262546207599672e-12
loc6,18,7.249189456500922e-29,17.081046786221755,0.34311578203696474,1.0450227734717079e-26
loc121,18,6.233929712608202e-8,17.487369735909002,0.3431247686947932,8.986657828421569e-6
loc52,18,3.17971686280039e-7,17.66769123773117,0.3431706065992204,4.5837904427212e-5
loc43,18,1.6324137231245494e-9,17.72884616029845,0.34317084192339375,2.3532417336162586e-7
loc90,18,2.763495123442612e-4,17.842194000308627,0.38300861076230464,0.039837768838910895
loc63,18,7.418217839525679e-6,18.168984753442903,0.38407800019230864,0.001069389430003986
loc140,18,9.90456678626401e-16,18.340173026973098,0.3840780001924514,1.4278145046595886e-13
loc112,18,3.0666500826633574e-6,18.359326206094156,0.38452007984754694,4.420796550955333e-4
loc100,18,6.639888646667422e-5,18.43701087849412,0.3940919566631833,0.00957187681563639
loc71,18,5.8075847469610474e-5,18.448923146993643,0.40246400757433537,0.008372050911152026
loc38,18,9.792538799366376e-11,18.7252715132586,0.402464021690984,1.4116648649961873e-8
loc77,18,1.7544647016054117e-4,18.982795593712297,0.4277558916225347,0.025291869931550692
loc103,18,4.7062445976729136e-5,19.18314247497054,0.4345402815348247,0.006784389912290002
loc96,18,1.373589726272638e-4,19.29264705320117,0.45434156489174415,0.019801283356919445
loc65,18,1.2728291122706856e-5,19.65295181001958,0.4561764395588254,0.0018348746670813051
loc72,18,7.512136411798502e-5,19.68031804774619,0.46700572423245945,0.010829284673634016
loc40,18,4.3067101070573114e-10,19.700265494641584,0.4670057863167817,6.208432222142593e-8
loc25,18,3.2827274909210753e-16,19.72884762014308,0.467005786316829,4.7322876684340755e-14
loc41,18,6.282322514028151e-10,19.796972856270337,0.4670058768810243,9.056419530553092e-8
loc75,18,1.4467976086311816e-4,19.885536700323872,0.487862504490172,0.02085662760914765
loc131,18,9.62087548994753e-11,20.12627286195111,0.4878625183593556,1.3869183648821173e-8
loc104,18,3.503733591594099e-5,20.78952790866185,0.49291340220970126,0.005050883850345659
loc84,18,3.371705497207336e-4,20.830707999676516,0.5415189608195898,0.04860555860988851
loc44,18,2.687598906772645e-9,20.941338138609954,0.5415193482562929,3.874367031498099e-7
loc114,18,1.4855063738429015e-6,21.075709980631583,0.5417334946791611,2.1414642286815382e-4
loc47,18,2.7545696465886567e-8,21.30783233127111,0.5417374655893284,3.970910167367198e-6
loc101,18,5.770847390814893e-5,21.30785250539232,0.5500565569606033,0.008319091371274855
loc46,18,1.0507798573124977e-8,21.33664253472704,0.5500580717353066,1.5147747032768865e-6
loc89,18,3.222859108119145e-4,21.63179885130597,0.5965179026430905,0.046459830907783856
loc35,18,8.174619942931823e-12,21.87430425041652,0.5965179038215207,1.1784302308693098e-9
loc24,18,6.666975032240572e-17,22.289550025148017,0.5965179038215302,9.610923787639023e-15
loc80,18,3.0149289810029085e-4,22.443775427271035,0.6399802724691372,0.043462368647607004
loc127,18,2.580287823647833e-9,22.604493316933393,0.6399806444361763,3.719670390743626e-7
loc8,18,3.6292662299973066e-25,22.766131035993247,0.6399806444361763,5.2318481729537515e-23
loc76,18,1.467158813756963e-4,22.991303545513148,0.6611307934545719,0.02115014901839554
loc34,18,3.4911694271464788e-12,23.29122228619803,0.661130793957849,5.032771704075801e-10
loc124,18,1.3768576499053469e-8,23.498150761281433,0.6611327787971316,1.984839282534539e-6
loc129,18,4.5783991704411247e-10,23.519769981850864,0.661132844798047,6.60009153832265e-8
loc110,18,6.371596516860706e-6,23.9748679317842,0.6620513562403878,9.185114423408093e-4
loc130,18,2.2215248148537545e-10,23.994033416947957,0.662051388265265,3.202487722641571e-8
loc18,18,1.1657595918487043e-19,24.379476779994977,0.662051388265265,1.6805262563285363e-17
loc42,18,8.604908119625846e-10,24.447273302485783,0.6620515123112015,1.2404593648158127e-7
loc50,18,8.320606384735452e-8,24.64365046881912,0.6620635070634608,1.199475225929562e-5
loc98,18,8.788613923928893e-5,25.82372817631102,0.6747329258348518,0.012669418771390988
loc59,18,3.1563799313189317e-6,26.333697920862782,0.6751879406926853,4.5501485783342756e-4
loc10,18,5.9814786182056405e-24,26.75221683383964,0.6751879406926853,8.622731427516226e-22
loc60,18,3.58646565867278e-6,26.804646070337668,0.6757049554999374,5.170148072521668e-4
loc55,18,7.45179546809515e-7,27.362630052639567,0.6758123784885921,1.0742298865467245e-4
loc2,18,1.2158958285294243e-36,27.409448146648263,0.6758123784885921,1.7528012457213637e-34
loc53,18,4.4921899328272043e-7,28.20194857613279,0.6758771366358406,6.47581472485161e-5
loc7,18,1.2191620353311965e-25,28.369694995108727,0.6758771366358406,1.7575097176287425e-23
loc85,18,3.608401905627231e-4,28.62866972449109,0.727894844130539,0.05201770749469838
loc56,18,8.941162625917645e-7,28.95453591397163,0.728023737417457,1.288932869180124e-4
loc48,18,3.5587338979168064e-8,29.51879292769392,0.7280288675882027,5.130170745797958e-6
loc3,18,2.0580694182314586e-32,29.97720718630224,0.7280288675882027,2.9668550178514287e-30
loc97,18,1.0926720547233676e-4,30.117259445949784,0.7437805207623109,0.015751653174108184
loc115,18,9.912232126178212e-7,30.185149093350244,0.7439234127141623,1.42891951851318e-4
loc86,18,3.8931196660205777e-4,30.730470972782225,0.8000455314041852,0.0561221186900229
loc117,18,4.5516631470744365e-7,30.73560457690763,0.8001111469005715,6.561549638627636e-5
loc123,18,2.2960607127662066e-8,30.82843225641902,0.8001144568371492,3.3099365777543636e-6
loc102,18,5.2972217438955276e-5,31.029901731552663,0.8077507827901645,0.007636325953015375
loc64,18,8.887868633835562e-6,31.43635719659614,0.8090320329472637,0.0012812501570991126
loc54,18,5.677627125915201e-7,31.450733957865847,0.8091138800238433,8.184707657959319e-5
loc88,18,3.6236761839874665e-4,31.825405949338784,0.8613517772215502,0.05223789719770687
loc116,18,6.679390423900765e-7,32.83419056414057,0.8614480654362225,9.628821467240759e-5
loc13,18,5.863980507831204e-22,32.92931048083315,0.8614480654362225,8.453349454651572e-20
loc9,18,8.404001003313634e-25,33.23741288033187,0.8614480654362225,1.2114971597087976e-22
loc106,18,2.3750499746931413e-5,35.10971149949483,0.8648718707134622,0.0034238052772395775
loc99,18,8.489423694798949e-5,35.23399275249702,0.8771099852612332,0.012238114547771031
loc26,18,2.4281551231038968e-15,35.41524164084468,0.8771099852615832,3.500360166321786e-13
loc132,18,4.057033893373044e-11,35.680247453251866,0.8771099911100892,5.8485060112746145e-9
loc118,18,2.6568629988712007e-7,36.732933511644504,0.8771482917001963,3.8300590107006373e-5
loc125,18,8.068215265220434e-9,37.01158750046242,0.8771494547914279,1.1630912316502176e-6
loc12,18,7.091947008140889e-23,38.688744742192526,0.8771494547914279,1.022355144148636e-20
loc93,18,1.882993990919739e-4,39.61719904462325,0.9042941668261899,0.027144712034762028
loc94,18,1.653489758933624e-4,40.709399370216154,0.928130410369781,0.023836243543591012
loc74,18,1.310195914395687e-4,41.349202214519785,0.9470178263556499,0.018887415985868943
loc29,18,2.4398848970330368e-14,42.193650086043554,0.9470178263591671,3.5172694786761947e-12
loc20,18,5.597041045160222e-19,43.33417809125323,0.9470178263591672,8.06853702934061e-17
loc58,18,2.394436107422744e-6,43.76815792116223,0.9473630015372881,3.451751781208807e-4
loc67,18,1.8793149988071297e-5,43.888385296101376,0.9500721692091568,0.0027091676718687457
loc66,18,1.3820609709506629e-5,45.77114971662209,0.952064509453037,0.001992340243880174
loc14,18,2.185683197338363e-21,45.92292018727608,0.952064509453037,3.1508194543939296e-19
loc17,18,6.585530762253187e-20,47.86899881095029,0.952064509453037,9.493516017547887e-18
loc36,18,2.4304641544719013e-11,49.790597431296696,0.9520645129567258,3.503688801031507e-9
loc16,18,2.6746046681716573e-20,53.179778308309075,0.9520645129567258,3.855634902418785e-18
loc83,18,3.3251667237253806e-4,55.16437662901261,0.9999991816908577,0.04793466873413184
loc45,18,5.676505964545442e-9,56.79437600205908,1,8.183091423246231e-7
loc19,18,2.0705704091127166e-19,62.80388822971769,1,2.9848760948839255e-17
loc61,19,5.692771628563826e-7,6.5054820508098645,2.813548581035389e-4,2.813548581035389e-4
loc137,19,1.9835940318019526e-12,7.127614797556881,2.813558384587222e-4,9.803551833212412e-10
loc33,19,3.8088365777309813e-14,7.393063341857737,2.8135585728320255e-4,1.8824480319745784e-11
loc73,19,1.664701784656115e-5,8.497141934334714,0.008508840902643968,0.008227485045360765
loc22,19,8.061446859412317e-20,8.510882162533118,0.008508840902644008,3.9842231257946587e-17
loc105,19,1.3907841330252745e-5,8.660622681619051,0.0153825378982619,0.006873696995617892
loc87,19,1.181505870778397e-4,9.553441303024758,0.07377631132022819,0.058393773421966284
loc15,19,1.4339950238524869e-22,9.772744947293202,0.07377631132022819,7.087258944883807e-20
loc119,19,2.1419241949872959e-7,9.80714131239609,0.07388217201819214,1.0586069796395851e-4
loc68,19,3.206547606698361e-6,9.81891695809218,0.07546694970777683,0.00158477768958468
loc23,19,1.5874308777455263e-19,9.841270762040564,0.0754669497077769,7.845587676770112e-17
loc4,19,1.2324254052872509e-33,10.029731119011675,0.0754669497077769,6.091037857341008e-31
loc107,19,1.072953289732213e-5,10.219740705582709,0.08076982571055959,0.005302876002782683
loc1,19,5.136227212527308e-68,10.259861042484232,0.08076982571055959,2.538486650891223e-65
loc135,19,2.1074482668831496e-11,10.576307755627608,0.08076983612623839,1.0415678807741754e-8
loc128,19,2.2430524429970136e-9,10.631435463417674,0.08077094471401074,1.1085877723456711e-6
loc49,19,5.422746570986865e-9,11.159585326591587,0.08077362480763044,2.680093619698512e-6
loc113,19,1.5653602619344843e-6,11.315462767657522,0.08154727557585667,7.736507682262409e-4
loc126,19,6.794224366289829e-9,11.436800078861564,0.08155063349737053,3.3579215138537665e-6
loc120,19,1.3549228737904654e-7,11.582868577739356,0.08161759808997492,6.696459260438107e-5
loc30,19,4.181766797251824e-15,11.650056713030128,0.08161759809204168,2.0667619933310065e-12
loc81,19,7.822463714504107e-5,11.707843660312864,0.12027869873010864,0.03866110063806697
loc79,19,6.357992370735894e-5,11.978692602464356,0.15170191676885988,0.031423218038751234
loc136,19,9.253654191063409e-12,11.990493933669947,0.15170192134230975,4.57344986193077e-9
loc62,19,7.901237476272307e-7,12.292262125315156,0.1520924255982375,3.905042559277564e-4
loc11,19,2.10064033479979e-25,12.706259430288071,0.1520924255982375,1.0382031844710929e-22
loc78,19,4.8452831085069934e-5,13.09926467379979,0.17603935392090725,0.023946928322669755
loc111,19,2.857960271715016e-6,13.39775770612417,0.17745184867597402,0.0014124947550667663
loc139,19,3.2623816697507345e-13,13.619630671445483,0.1774518488372113,1.612372657225087e-10
loc70,19,4.825524279301399e-6,13.658652973168122,0.1798367762284064,0.0023849273911951113
loc134,19,4.1610393079642603e-11,13.826703240054773,0.1798367967935845,2.0565178096752212e-8
loc95,19,4.999130586874959e-5,13.92398810650927,0.20454408822705633,0.024707291433471834
loc5,19,2.6585485535098227e-33,14.052798684357782,0.20454408822705633,1.3139391492204112e-30
loc92,19,7.257250190252747e-5,14.373654008447904,0.24041172407696945,0.03586763584991313
loc51,19,1.2456203907126194e-8,14.40426845640002,0.24041788032863642,6.15625166696241e-6
loc37,19,2.5156145749641936e-12,14.43561544316128,0.24041788157193306,1.2432966364414026e-9
loc122,19,5.201895800071209e-8,14.575154971883348,0.24044359099346255,2.5709421529485488e-5
loc32,19,2.195961499205216e-14,14.925983799510716,0.24044359100431567,1.0853139319863916e-11
loc69,19,3.917557375068162e-6,15.297706250337782,0.2423797723080664,0.001936181303750708
loc108,19,7.787334156523536e-6,15.354625145761624,0.2462285202283589,0.0038487479202925067
loc31,19,6.901438776330162e-15,15.41903666978217,0.2462285202317698,3.410910281174409e-12
loc133,19,7.653038833430445e-11,15.66913466865259,0.24622855805551885,3.782374905462193e-8
loc21,19,2.64688373396206e-20,15.84253000167424,0.24622855805551888,1.3081740248437423e-17
loc91,19,7.853430029020021e-5,15.85336694930975,0.28504270405698845,0.038814146001469554
loc27,19,3.680665629343254e-16,15.935869555647374,0.28504270405717036,1.8191018776765837e-13
loc82,19,8.828338585568691e-5,16.107951798556133,0.3286751578441724,0.04363245378700207
loc138,19,6.861334214838776e-13,16.231704852258247,0.32867515818328136,3.3910893328843054e-10
loc39,19,1.391541951098866e-11,16.248660041996683,0.3286751650607237,6.877442373273546e-9
loc57,19,1.3775523824260558e-7,16.336677165510828,0.328743248075532,6.808301480828134e-5
loc109,19,5.462275274277686e-6,16.692227547638765,0.3314428780361046,0.002699629960572617
loc28,19,7.368000830091802e-16,17.044166164407702,0.33144287803646877,3.641500069413848e-13
loc6,19,7.8105072487380305e-31,17.081046786221755,0.33144287803646877,3.860200798604216e-28
loc121,19,8.436528268643459e-8,17.487369735909002,0.3314845740392032,4.169600273442731e-5
loc52,19,3.599917078393915e-8,17.66769123773117,0.33150236597298977,1.779193378659297e-5
loc43,19,1.3274780163897688e-10,17.72884616029845,0.3315024315811703,6.560818056759734e-8
loc90,19,8.812774274728606e-5,17.842194000308627,0.3750579615996882,0.04355553001851785
loc63,19,1.02528554472759e-6,18.168984753442903,0.37556469028612455,5.067286864363743e-4
loc140,19,2.864289562967897e-14,18.340173026973098,0.3755646903002808,1.4156228918664494e-11
loc112,19,2.030768836800377e-6,18.359326206094156,0.37656836077083367,0.001003670470552853
loc100,19,2.7117815284450473e-5,18.43701087849412,0.3899708465356796,0.013402485764845921
loc71,19,1.01352593292911e-5,18.448923146993643,0.39498001366286095,0.005009167127181369
loc38,19,7.0356747018238e-12,18.7252715132586,0.3949800171401149,3.47725393982419e-9
loc77,19,3.7359409232267843e-5,18.982795593712297,0.41344422397854824,0.018464206838433358
loc103,19,2.395192599566405e-5,19.18314247497054,0.4252820266861138,0.011837802707565554
loc96,19,5.0957439687223825e-5,19.29264705320117,0.4504668121438355,0.025184785457721716
loc65,19,1.8509640136341515e-6,19.65295181001958,0.45138161735892224,9.148052150867248e-4
loc72,19,1.362544278156617e-5,19.68031804774619,0.45811574402082833,0.006734126661906119
loc40,19,3.349650901483429e-11,19.700265494641584,0.45811576057586717,1.655503883827886e-8
loc25,19,1.2641718186112926e-17,19.72884762014308,0.45811576057587344,6.247938716867239e-15
loc41,19,4.923250919055352e-11,19.796972856270337,0.4581157849081435,2.433227001042355e-8
loc75,19,2.9386756613722568e-5,19.885536700323872,0.4726396535553441,0.014523868647200637
loc131,19,2.9071580705703474e-10,20.12627286195111,0.4726397972363311,1.4368098701268803e-7
loc104,19,1.7944416151518115e-5,20.78952790866185,0.48150849773843596,0.008868700502104861
loc84,19,9.139794455446453e-5,20.830707999676516,0.5266802653745178,0.045171767636081925
loc44,19,2.23453173474964e-10,20.941338138609954,0.5266803758121746,1.1043765676525957e-7
loc114,19,1.0720880544792453e-6,21.075709980631583,0.527210235785705,5.29859973530335e-4
loc47,19,2.682941615721213e-9,21.30783233127111,0.5272115617806804,1.3259949754593567e-6
loc101,19,2.480550978684633e-5,21.30785250539232,0.539471232713633,0.01225967093295256
loc46,19,9.50480727508757e-10,21.33664253472704,0.5394717024714024,4.6975776944321253e-7
loc89,19,1.0229852848232563e-4,21.63179885130597,0.5900308849633352,0.05055918249193273
loc35,19,5.151900624826383e-13,21.87430425041652,0.5900308852179584,2.5462329491465015e-10
loc24,19,2.357870978235963e-18,22.289550025148017,0.5900308852179597,1.1653347398996122e-15
loc80,19,7.356005000614191e-5,22.443775427271035,0.6263865987121062,0.0363557134941466
loc127,19,3.971628257978379e-9,22.604493316933393,0.626388561616958,1.9629048517539417e-6
loc8,19,6.245940824712038e-27,22.766131035993247,0.626388561616958,3.08694237029019e-24
loc76,19,3.0060406250251592e-5,22.991303545513148,0.6412453693143502,0.014856807697392152
loc34,19,2.1083581747397225e-13,23.29122228619803,0.6412453694185519,1.0420175861419243e-10
loc124,19,1.916186802238612e-8,23.498150761281433,0.6412548398224434,9.470403891464904e-6
loc129,19,1.103081613305586e-9,23.519769981850864,0.6412553850004182,5.451779748742757e-7
loc110,19,4.1016612279558785e-6,23.9748679317842,0.6432825562766906,0.0020271712762724163
loc130,19,5.849084784264548e-10,23.994033416947957,0.6432828453570415,2.890803508180584e-7
loc18,19,3.2233460946478298e-21,24.379476779994977,0.6432828453570415,1.5930800359666463e-18
loc42,19,6.760530161411975e-11,24.447273302485783,0.6432828787697291,3.341268767439782e-8
loc50,19,8.492927499233717e-9,24.64365046881912,0.643287076244294,4.19747456483403e-6
loc98,19,3.3034120950123177e-5,25.82372817631102,0.6596135882123172,0.016326511968023243
loc59,19,4.1238283750303446e-7,26.333697920862782,0.6598174009107712,2.038126984540078e-4
loc10,19,1.143050611512521e-25,26.75221683383964,0.6598174009107712,5.649319234827672e-23
loc60,19,4.693354980027366e-7,26.804646070337668,0.6600493614232587,2.3196051248735458e-4
loc55,19,8.764332770431393e-8,27.362630052639567,0.6600926775399745,4.3316116715874924e-5
loc2,19,5.113815904505502e-39,27.409448146648263,0.6600926775399745,2.527410270527128e-36
loc53,19,5.180852431213765e-8,28.20194857613279,0.6601182829584902,2.5605418515747868e-5
loc7,19,2.0352541485227317e-27,28.369694995108727,0.6601182829584902,1.0058872540908777e-24
loc85,19,1.0205915724240683e-4,28.62866972449109,0.7105591605795522,0.05044087762106193
loc56,19,1.0551720916726113e-7,28.95453591397163,0.7106113105362863,5.214995673421354e-5
loc48,19,3.475784646516884e-9,29.51879292769392,0.7106130283794739,1.7178431875123878e-6
loc3,19,1.506033738261576e-34,29.97720718630224,0.7106130283794739,7.443297156022165e-32
loc97,19,4.066856534837051e-5,30.117259445949784,0.7307127252924026,0.020099696912928774
loc115,19,7.260558605217324e-7,30.185149093350244,0.7310715651632792,3.58839870876518e-4
loc86,19,1.1560579209858204e-4,30.730470972782225,0.7882076200660287,0.05713605490274954
loc117,19,4.577243269649237e-7,30.73560457690763,0.7884338419689373,2.262219029085545e-4
loc123,19,3.1744284968409547e-8,30.82843225641902,0.788449531002989,1.5689034051658223e-5
loc102,19,2.4750435036544747e-5,31.029901731552663,0.8006819822447836,0.012232451241794671
loc64,19,1.244768076267507e-6,31.43635719659614,0.8012971861706056,6.15203925822005e-4
loc54,19,6.594555585787608e-8,31.450733957865847,0.8013297785592022,3.259238859654125e-5
loc88,19,1.1370438284853512e-4,31.825405949338784,0.8575260966085366,0.05619631804933449
loc116,19,5.134051362530175e-7,32.83419056414057,0.8577798377362069,2.537411276702442e-4
loc13,19,1.356744262230672e-23,32.92931048083315,0.8577798377362069,6.705461140709827e-21
loc9,19,1.467588771671798e-26,33.23741288033187,0.8577798377362069,7.253289918328158e-24
loc106,19,1.4224004177627404e-5,35.10971149949483,0.8648097924545383,0.007029954718331335
loc99,19,3.4394763363075066e-5,35.23399275249702,0.8818087771265514,0.01699898467201315
loc26,19,1.0533713310903662e-16,35.41524164084468,0.8818087771266034,5.206095742576529e-14
loc132,19,1.4052439267507993e-10,35.680247453251866,0.8818088465782223,6.945161889650148e-8
loc118,19,3.342457693676794e-7,36.732933511644504,0.8819740414554247,1.651948772023312e-4
loc125,19,1.1467523131148357e-8,37.01158750046242,0.8819797090696447,5.667614220065357e-6
loc12,19,1.4778526856802969e-24,38.688744742192526,0.8819797090696447,7.304017441894331e-22
loc93,19,6.316040724483747e-5,39.61719904462325,0.9131955887458441,0.031215879676199345
loc94,19,5.671733025080284e-5,40.709399370216154,0.941227095094452,0.028031506348607908
loc74,19,2.605761365217537e-5,41.349202214519785,0.9541055955332166,0.012878500438764687
loc29,19,1.147749174496628e-15,42.193650086043554,0.9541055955337839,5.672541025686994e-13
loc20,19,1.6088050532827974e-20,43.33417809125323,0.9541055955337839,7.951225642206751e-18
loc58,19,3.0711658935260407e-7,43.76815792116223,0.9542573823084105,1.5178677462658724e-4
loc67,19,2.8374874028413347e-6,43.888385296101376,0.9556597587213186,0.001402376412908045
loc66,19,2.016415787901167e-6,45.77114971662209,0.9566563354591523,9.965767378337538e-4
loc14,19,5.324811785310282e-23,45.92292018727608,0.9566563354591523,2.6316911375241355e-20
loc17,19,1.8151338804796615e-21,47.86899881095029,0.9566563354591523,8.970968250664217e-19
loc36,19,1.6351413055191966e-12,49.790597431296696,0.9566563362672911,8.081387766992713e-10
loc16,19,7.184818841117354e-22,53.179778308309075,0.9566563362672911,3.5509657113229157e-19
loc83,19,8.769856969132631e-5,55.16437662901261,0.999999755328019,0.043343419060727896
loc45,19,4.950551489663298e-10,56.79437600205908,1,2.446719810293658e-7
loc19,19,5.74890162711571e-21,62.80388822971769,1,2.841289809400633e-18
loc61,2,3.1060901349568603e-6,6.5054820508098645,0.03247774663558803,0.03247774663558803
loc137,2,4.4997239936096035e-42,7.127614797556881,0.03247774663558803,4.704979232566885e-38
loc33,2,7.39593411372294e-7,7.393063341857737,0.04021104682464813,0.007733300189060098
loc73,2,2.5865746719747476e-7,8.497141934334714,0.0429156082893975,0.002704561464749374
loc22,2,3.932183715505189e-8,8.510882162533118,0.04332676334571571,4.111550563182108e-4
loc105,2,5.218109933334423e-15,8.660622681619051,0.04332676340027705,5.456134399455677e-11
loc87,2,3.9139031835378605e-10,9.553441303024758,0.04333085583644047,4.092436163412543e-6
loc15,2,1.4733420196718036e-9,9.772744947293202,0.04334626132267667,1.5405486236197386e-5
loc119,2,1.5126606461353223e-23,9.80714131239609,0.04334626132267667,1.5816607721040972e-19
loc68,2,1.529239752586379e-6,9.81891695809218,0.059336222679757356,0.01598996135708069
loc23,2,6.151162409251467e-8,9.841270762040564,0.05997939749298536,6.431748132280039e-4
loc4,2,3.7448549011901765e-12,10.029731119011675,0.05997943664975267,3.9156767313059254e-8
loc107,2,2.7248585154479015e-16,10.219740705582709,0.059979436652601824,2.8491531358529162e-12
loc1,2,1.5886357449341222e-14,10.259861042484232,0.05997943681871197,1.6611014805893795e-10
loc135,2,2.946719939559511e-35,10.576307755627608,0.05997943681871197,3.0811347850463536e-31
loc128,2,7.625203646436461e-28,10.631435463417674,0.05997943681871197,7.973027868270952e-24
loc49,2,3.506326126323312e-6,11.159585326591587,0.09664211130805127,0.0366626744893393
loc113,2,3.2238067602412664e-18,11.315462767657522,0.09664211130808498,3.370860941312185e-14
loc126,2,4.432418265986808e-26,11.436800078861564,0.09664211130808498,4.634603349257646e-22
loc120,2,5.661282534507445e-24,11.582868577739356,0.09664211130808498,5.91952235123293e-20
loc30,2,3.140480638879324e-7,11.650056713030128,0.09992584520091706,0.003283733892832086
loc81,2,8.363887592306264e-9,11.707843660312864,0.10001329927028045,8.745406936339082e-5
loc79,2,1.8882636018557196e-8,11.978692602464356,0.10021073895869158,1.9743968841111776e-4
loc136,2,8.343520674151877e-37,11.990493933669947,0.10021073895869158,8.724110979723993e-33
loc62,2,2.7912319132943326e-6,12.292262125315156,0.12939628056964034,0.029185541610948773
loc11,2,2.13740783685412e-10,12.706259430288071,0.12939851547549194,2.234905851604738e-6
loc78,2,3.526158507652402e-8,13.09926467379979,0.12976721592407067,3.687004485787353e-4
loc111,2,2.823022776448155e-17,13.39775770612417,0.12976721592436585,2.9517951667957903e-13
loc139,2,4.596351914256777e-45,13.619630671445483,0.12976721592436585,4.806014842879146e-41
loc70,2,1.1019432454097275e-6,13.658652973168122,0.14128930059552167,0.011522084671155812
loc134,2,1.4820427306469284e-34,13.826703240054773,0.14128930059552167,1.5496462181621294e-30
loc95,2,1.731135507787913e-11,13.92398810650927,0.14128948160565974,1.8101013805443457e-7
loc5,2,7.257955981589962e-12,14.052798684357782,0.14128955749594146,7.589028174341865e-8
loc92,2,6.561818873104619e-11,14.373654008447904,0.14129024360961354,6.86113672075622e-7
loc51,2,4.053695051065837e-6,14.40426845640002,0.1836762900815978,0.042386046471984254
loc37,2,1.1579821082790773e-6,14.43561544316128,0.19578432554971673,0.012108035468118915
loc122,2,1.573109730722156e-24,14.575154971883348,0.19578432554971673,1.6448672461039793e-20
loc32,2,5.350358809165884e-7,14.925983799510716,0.20137874136714404,0.005594415817427316
loc69,2,1.3195186551715249e-6,15.297706250337782,0.2151758273181568,0.01379708595101276
loc108,2,1.62843854898323e-16,15.354625145761624,0.21517582731985951,1.7027198924552939e-12
loc31,2,4.5318747724406916e-7,15.41903666978217,0.21991442389138452,0.004738596571524997
loc133,2,2.757790520468761e-34,15.66913466865259,0.21991442389138452,2.8835873366905634e-30
loc21,2,2.6306356379017553e-8,15.84253000167424,0.22018948711887038,2.750632274858576e-4
loc91,2,1.0605838994641795e-10,15.85336694930975,0.22019059608138195,1.108962511580817e-6
loc27,2,1.2248676069182465e-7,15.935869555647374,0.22147133611374364,0.0012807400323616928
loc82,2,5.068533190867369e-9,16.107951798556133,0.2215243334607731,5.299734702944969e-5
loc138,2,2.209608987962413e-44,16.231704852258247,0.2215243334607731,2.310400463499686e-40
loc39,2,1.4187809964933588e-06,16.248660041996683,0.23635932141457192,0.014834987953798832
loc57,2,4.128567318821627e-6,16.336677165510828,0.2795282436037923,0.043168922189220395
loc109,2,1.1295914988574313e-16,16.692227547638765,0.2795282436049734,1.1811178976657516e-12
loc28,2,1.7540827496587516e-7,17.044166164407702,0.2813623389675043,0.0018340953625308667
loc6,2,1.3669667584968818e-11,17.081046786221755,0.281362481899609,1.4293210471288972e-7
loc121,2,3.062225745383849e-24,17.487369735909002,0.281362481899609,3.201909396648357e-20
loc52,2,2.714118677335767e-6,17.66769123773117,0.3097417158920098,0.02837923399240074
loc43,2,2.7757590545072504e-6,17.72884616029845,0.3387654709592393,0.02902375506722954
loc90,2,1.5021065418434456e-10,17.842194000308627,0.3387670415844809,1.5706252415733033e-6
loc63,2,2.6018406188490827e-6,18.168984753442903,0.3659722792735461,0.027205237689065225
loc140,2,2.5741725300370784e-53,18.340173026973098,0.3659722792735461,2.691593598200459e-49
loc112,2,1.3945339823959484e-17,18.359326206094156,0.3659722792736919,1.4581457519616452e-13
loc100,2,6.892289358062756e-13,18.43701087849412,0.36597228648037355,7.206681641047444e-9
loc71,2,4.878336375808371e-7,18.448923146993643,0.37107314852663476,0.005100862046261176
loc38,2,1.2079062595712164e-6,18.7252715132586,0.38370319844578804,0.012630049919153312
loc77,2,6.106100271838216e-8,18.982795593712297,0.38434166149400545,6.384630482174048e-4
loc103,2,1.444523112195917e-14,19.18314247497054,0.38434166164504696,1.5104151395722994e-10
loc96,2,6.636714386852191e-12,19.29264705320117,0.38434173103953295,6.939448598839231e-8
loc65,2,1.9789245351335796e-6,19.65295181001958,0.40503366426442305,0.020691933224890095
loc72,2,3.4046624809140584e-7,19.68031804774619,0.40859363067332943,0.0035599664089063887
loc40,2,1.4934416209557125e-6,19.700265494641584,0.424209281370187,0.01561565069685757
loc25,2,8.725686595107527e-8,19.72884762014308,0.42512165231289756,9.123709427105373e-4
loc41,2,1.930711939159942e-6,19.796972856270337,0.44530946736714816,0.02018781505425062
loc75,2,1.0720398746589081e-7,19.885536700323872,0.4464304084190698,0.001120941051921635
loc131,2,1.238382765717589e-32,20.12627286195111,0.4464304084190698,1.2948716861178024e-28
loc104,2,9.724429367071442e-15,20.78952790866185,0.4464304085207499,1.0168009923633603e-10
loc84,2,2.4669824057462707e-9,20.830707999676516,0.44645620366063543,2.5795139885531235e-5
loc44,2,3.205652603585117e-6,20.941338138609954,0.479974990475364,0.033518786814728585
loc114,2,1.7056293426733864e-18,21.075709980631583,0.47997499047538184,1.7834317498432852e-14
loc47,2,2.6111959605082865e-6,21.30783233127111,0.5072780490269769,0.027303058551595087
loc101,2,2.642455319423495e-13,21.30785250539232,0.507278051789968,2.7629911120171035e-9
loc46,2,3.2532066996606208e-6,21.33664253472704,0.5412940714011448,0.034016019611176736
loc89,2,1.8875453478227343e-10,21.63179885130597,0.5412960450470117,1.973645866867964e-6
loc35,2,8.206806593671546e-7,21.87430425041652,0.5498772057234786,0.008581160676466961
loc24,2,6.921092192186058e-8,22.289550025148017,0.5506008855553342,7.236798318555146e-4
loc80,2,1.1888946016615649e-8,22.443775427271035,0.5507251981669181,1.2431261158401296e-4
loc127,2,1.616464853017127e-26,22.604493316933393,0.5507251981669181,1.6902000154722633e-22
loc8,2,3.8111791445059596e-11,22.766131035993247,0.5507255966695541,3.985026359829729e-7
loc76,2,9.460166221664533e-8,22.991303545513148,0.551714765909107,9.89169239552786e-4
loc34,2,6.935864511288404e-7,23.29122228619803,0.5589670103871803,0.007252244478073395
loc124,2,4.323279724761242e-25,23.498150761281433,0.5589670103871803,4.520486445494618e-21
loc129,2,2.2085891273730104e-30,23.519769981850864,0.5589670103871803,2.3093340818949326e-26
loc110,2,4.555846300538792e-17,23.9748679317842,0.5589670103876566,4.763661562629925e-13
loc130,2,2.590409002966491e-31,23.994033416947957,0.5589670103876566,2.7085706990296453e-27
loc18,2,6.210793299926155e-9,24.379476779994977,0.5590319513785605,6.494099090392651e-5
loc42,2,2.53921280501208e-6,24.447273302485783,0.5855823432061849,0.02655039182762431
loc50,2,3.7275295271039817e-6,24.64365046881912,0.6245579537963256,0.03897561059014077
loc98,2,3.44308416755852e-12,25.82372817631102,0.6245579897977327,3.600140703596266e-8
loc59,2,2.7234127421679915e-6,26.333697920862782,0.6530344039329241,0.028476414135191384
loc10,2,1.175988842815823e-10,26.75221683383964,0.6530356335645839,1.2296316598610592e-6
loc60,2,3.0151171568407244e-6,26.804646070337668,0.6845621530285297,0.03152651946394582
loc55,2,3.4565205409540766e-6,27.362630052639567,0.7207040528099962,0.03614189978146636
loc2,2,7.889000255591366e-13,27.409448146648263,0.7207040610588538,8.248857579039448e-9
loc53,2,2.851500528979743e-6,28.20194857613279,0.7505197803997657,0.029815719340912032
loc7,2,2.0837762061328644e-11,28.369694995108727,0.7505199982825468,2.1788278101269575e-7
loc85,2,1.3379098552400402e-9,28.62866972449109,0.7505339876696578,1.3989387111055545e-5
loc56,2,3.928532061016711e-6,28.95453591397163,0.7916113110517293,0.04107732338207154
loc48,2,3.227625421537122e-6,29.51879292769392,0.8253598489629518,0.03374853791122245
loc3,2,1.8930855903682046e-12,29.97720718630224,0.8253598687573401,1.9794388279822102e-8
loc97,2,5.0106113274204045e-12,30.117259445949784,0.8253599211490473,5.239170729462024e-8
loc115,2,8.976343415707522e-19,30.185149093350244,0.8253599211490568,9.385799976903333e-15
loc86,2,6.623590017729787e-10,30.730470972782225,0.8253668468746175,6.925725560659745e-6
loc117,2,2.5878146007030805e-21,30.73560457690763,0.8253668468746175,2.7058579529173046e-17
loc123,2,8.012602536298128e-25,30.82843225641902,0.8253668468746175,8.378097986817595e-21
loc102,2,6.38555058867487e-14,31.029901731552663,0.8253668475423003,6.676827945644686e-10
loc64,2,2.5226077664648028e-6,31.43635719659614,0.851743614583978,0.02637676704167774
loc54,2,3.2179059514676975e-6,31.450733957865847,0.8853905242511279,0.03364690966714983
loc88,2,2.5515808930019553e-10,31.825405949338784,0.8853931922225698,2.6679714419902338e-6
loc116,2,2.7981300448946765e-19,32.83419056414057,0.8853931922225727,2.925766951472515e-15
loc13,2,5.407668329668273e-10,32.92931048083315,0.8853988465620887,5.654339515897498e-6
loc9,2,6.987127644075183e-11,33.23741288033187,0.8853995771466868,7.305845982410249e-7
loc106,2,5.392522775751596e-16,35.10971149949483,0.8853995771523254,5.638503096431574e-12
loc99,2,1.0017456840481603e-12,35.23399275249702,0.8853995876267292,1.0474403866667516e-8
loc26,2,9.596226946436372e-8,35.41524164084468,0.8864029835807501,0.0010033959540207988
loc132,2,5.87793090279411e-34,35.680247453251866,0.8864029835807501,6.1460531506788256e-30
loc118,2,4.196876256567253e-23,36.732933511644504,0.8864029835807501,4.38831707385721e-19
loc125,2,1.808873720265652e-25,37.01158750046242,0.8864029835807501,1.8913856272679386e-21
loc12,2,3.4883496298742636e-10,38.688744742192526,0.8864066310517034,3.6474709532850408e-6
loc93,2,4.560561033843565e-11,39.61719904462325,0.8864071079108392,4.768591358839104e-7
loc94,2,2.7994861252394786e-11,40.709399370216154,0.8864074006293282,2.927184889521392e-7
loc74,2,1.3597747798404549e-7,41.349202214519785,0.8878292016351684,0.0014218010058402294
loc29,2,2.638955527261561e-7,42.193650086043554,0.8905885333117483,0.002759331676579822
loc20,2,1.603041444602126e-8,43.33417809125323,0.8907561497414783,1.6761642973009847e-4
loc58,2,2.7752877566188355e-6,43.76815792116223,0.9197749768469473,0.02901882710546901
loc67,2,1.6023409135110058e-6,43.888385296101376,0.9365292949612766,0.01675431811432925
loc66,2,2.0388541464387156e-6,45.77114971662209,0.9578478612352312,0.02131856627395469
loc14,2,8.827131277530204e-10,45.92292018727608,0.9578570910167474,9.229781516133694e-6
loc17,2,3.6915591699929076e-9,47.86899881095029,0.9578956905158618,3.859949911433476e-5
loc36,2,8.580987159337835e-7,49.790597431296696,0.9668681000318553,0.00897240951599362
loc16,2,2.2618570440582642e-9,53.179778308309075,0.9668917503500403,2.365031818494367e-5
loc83,2,3.77270814188997e-9,55.16437662901261,0.9669311983550365,3.944800499616677e-5
loc45,2,3.152292458675216e-6,56.79437600205908,0.9998920434515521,0.032960845096515666
loc19,2,1.0324693209182087e-8,62.80388822971769,1,1.0795654844789277e-4
loc61,20,4.750513052161749e-8,6.5054820508098645,1.1949034751439905e-4,1.1949034751439905e-4
loc137,20,1.013903077530993e-11,7.127614797556881,1.1951585036635415e-4,2.5502851955109622e-8
loc33,20,1.3086933413910972e-15,7.393063341857737,1.195158536581296e-4,3.291775444789955e-12
loc73,20,1.9610496707702705e-6,8.497141934334714,0.005052172686307097,0.004932656832648967
loc22,20,1.5262786761001653e-21,8.510882162533118,0.0050521726863071,3.839071009983534e-18
loc105,20,4.597043839757253e-6,8.660622681619051,0.016615184089918723,0.011563011403611623
loc87,20,2.2884520645385013e-5,9.553441303024758,0.074176952568234,0.05756176847831528
loc15,20,2.2694126849750236e-24,9.772744947293202,0.074176952568234,5.708286818785861e-21
loc119,20,1.760474923434129e-7,9.80714131239609,0.07461976739282607,4.4281482459205895e-4
loc68,20,3.0882777466318494e-7,9.81891695809218,0.07539656639772113,7.767990048950618e-4
loc23,20,3.0464606493320355e-21,9.841270762040564,0.07539656639772113,7.662806894341151e-18
loc4,20,6.192088532628004e-36,10.029731119011675,0.07539656639772113,1.557505057831495e-32
loc107,20,4.155212933865292e-6,10.219740705582709,0.08584823408102432,0.010451667683303188
loc1,20,3.37998304490282e-72,10.259861042484232,0.08584823408102432,8.501720639298713e-69
loc135,20,4.917237967953506e-11,10.576307755627608,0.08584835776502796,1.2368400363291037e-7
loc128,20,2.523423814398711e-9,10.631435463417674,0.08585470496974454,6.347204716581123e-6
loc49,20,3.417048924415455e-10,11.159585326591587,0.0858555644650432,8.594952986526475e-7
loc113,20,7.027546702079442e-7,11.315462767657522,0.08762321353449058,0.001767649069447394
loc126,20,6.424137688459786e-9,11.436800078861564,0.08763937226169427,1.6158727203687967e-5
loc120,20,1.1485459884639519e-7,11.582868577739356,0.0879282677089668,2.888954472725312e-4
loc30,20,1.3269370713423275e-16,11.650056713030128,0.08792826770930057,3.337664164763882e-13
loc81,20,1.2350690316500775e-5,11.707843660312864,0.1189941391584872,0.031065871449186624
loc79,20,9.45298507459078e-6,11.978692602464356,0.1427713703587525,0.02377723120026532
loc136,20,2.536936980150133e-11,11.990493933669947,0.14277143417069832,6.381194579442826e-8
loc62,20,6.764210784206353e-8,12.292262125315156,0.1429415753509015,1.7014118020319097e-4
loc11,20,2.536989817747726e-27,12.706259430288071,0.1429415753509015,6.3813274826225224e-24
loc78,20,6.833947747037874e-6,13.09926467379979,0.16013110377072565,0.01718952841982416
loc111,20,1.1700178197250767e-6,13.39775770612417,0.1630740666537214,0.0029429628829957524
loc139,20,2.2485025883770056e-12,13.619630671445483,0.16307407230941276,5.655691347904672e-9
loc70,20,4.853290555357802e-7,13.658652973168122,0.1642948275598044,0.001220755250391656
loc134,20,9.189232541099381e-11,13.826703240054773,0.16429505869791047,2.311381060677071e-7
loc95,20,1.105836359152985e-5,13.92398810650927,0.19211032189124458,0.02781526319333411
loc5,20,1.3441776715936716e-35,14.052798684357782,0.19211032189124458,3.3810296979761843e-32
loc92,20,1.5172247434669472e-5,14.373654008447904,0.23027329710332442,0.03816297521207982
loc51,20,8.172536522839544e-10,14.40426845640002,0.2302753527533531,2.0556500286718204e-6
loc37,20,1.0771750853699848e-13,14.43561544316128,0.2302753530242965,2.709434199452221e-10
loc122,20,4.494221329125608e-8,14.575154971883348,0.23038839682872927,1.1304380443275932e-4
loc32,20,7.445138403143464e-16,14.925983799510716,0.23038839683060194,1.872686518942586e-12
loc69,20,3.851045033519893e-7,15.297706250337782,0.2313570558034249,9.686589728229309e-4
loc108,20,3.0504565445566575e-6,15.354625145761624,0.23902991363129214,0.007672857827867245
loc31,20,2.2072902960090907e-16,15.41903666978217,0.23902991363184733,5.552029467959594e-13
loc133,20,1.6889360134045162e-10,15.66913466865259,0.23903033845238555,4.2482053823524144e-7
loc21,20,4.805881493027903e-22,15.84253000167424,0.23903033845238555,1.2088303798125643e-18
loc91,20,1.6035709132112905e-5,15.85336694930975,0.2793651914629263,0.04033485301054073
loc27,20,1.0700052633650261e-17,15.935869555647374,0.2793651914629532,2.6913998416137758e-14
loc82,20,1.445814632292032e-5,16.107951798556133,0.31573197773572476,0.036366786272771554
loc138,20,4.504513399829239e-12,16.231704852258247,0.315731989065993,1.1330268238794354e-8
loc39,20,6.510984466833188e-13,16.248660041996683,0.31573199070371044,1.6377174171718537e-9
loc57,20,1.0399373407624411e-8,16.336677165510828,0.3157581483992849,2.6157695574451214e-5
loc109,20,2.1410855015545677e-6,16.692227547638765,0.32114365198236366,0.0053855035830787925
loc28,20,2.1845692918481496e-17,17.044166164407702,0.3211436519824186,5.4948789948789755e-14
loc6,20,5.3149192978837523e-33,17.081046786221755,0.3211436519824186,1.336869401139984e-29
loc121,20,7.210963145125086e-8,17.487369735909002,0.3213250303899008,1.8137840748220363e-4
loc52,20,2.5740927385390253e-9,17.66769123773117,0.32133150504290114,6.47465300031864e-6
loc43,20,6.8179228639421584e-12,17.72884616029845,0.3213315221921219,1.7149220797700836e-8
loc90,20,1.7749831537260814e-5,17.842194000308627,0.3659779322834318,0.044646410091309846
loc63,20,8.949890697690389e-8,18.168984753442903,0.36620305018921173,2.251179057799375e-4
loc140,20,5.231497249321804e-13,18.340173026973098,0.36620305150509785,1.3158861316202963e-9
loc112,20,8.49345522557176e-7,18.359326206094156,0.3683394226830272,0.002136371177929357
loc100,20,6.994815202802662e-6,18.43701087849412,0.385933583360084,0.01759416067705677
loc71,20,1.1171251260407143e-6,18.448923146993643,0.3887435044793814,0.0028099211192973853
loc38,20,3.1925951309455804e-13,18.7252715132586,0.38874350528241947,8.030381086856905e-10
loc77,20,5.024386155438605e-6,18.982795593712297,0.4013814170441121,0.012637911761692653
loc103,20,7.698994908108282e-6,19.18314247497054,0.42074681120217716,0.019365394158065017
loc96,20,1.1939490916518283e-5,19.29264705320117,0.45077838680453386,0.030031575602356742
loc65,20,1.700017905859286e-7,19.65295181001958,0.45120599478733775,4.276079828038551e-4
loc72,20,1.5608653081668955e-6,19.68031804774619,0.4551320620572963,0.003926067269958562
loc40,20,1.6454364003434957e-12,19.700265494641584,0.4551320661960865,4.1387901713145675e-9
loc25,20,3.0747161022416348e-19,19.72884762014308,0.45513206619608726,7.73387824706185e-16
loc41,20,2.43675215314814e-12,19.796972856270337,0.45513207232528546,6.129198223203145e-9
loc75,20,3.7698422289291928e-6,19.885536700323872,0.4646144114550395,0.00948233912975403
loc131,20,5.548177456918995e-10,20.12627286195111,0.4646158069962055,1.3955411660160043e-6
loc104,20,5.804371929203032e-6,20.78952790866185,0.4792156283482947,0.014599821352089154
loc84,20,1.5647712896633332e-5,20.830707999676516,0.5185745487700251,0.03935892042173044
loc44,20,1.1733734119220705e-11,20.941338138609954,0.5185745782840576,2.9514032529796413e-8
loc114,20,4.886681563711663e-7,21.075709980631583,0.5198037324234709,0.0012291541394132185
loc47,20,1.6504270442580845e-10,21.30783233127111,0.5198041475577919,4.151343210725826e-7
loc101,20,6.734174549547294e-6,21.30785250539232,0.5367427149990888,0.016938567441296862
loc46,20,5.4300338457862716e-11,21.33664253472704,0.5367428515815219,1.365824331232378e-7
loc89,20,2.050808450099216e-5,21.63179885130597,0.5883271355729761,0.05158428399145418
loc35,20,2.0506664645899932e-14,21.87430425041652,0.5883271356245569,5.158071260923656e-11
loc24,20,5.2667037526462044e-20,22.289550025148017,0.588327135624557,1.3247416747391289e-16
loc80,20,1.1335341019380212e-5,22.443775427271035,0.6168390841810104,0.028511948556453438
loc127,20,3.860972214031794e-9,22.604493316933393,0.6168487957407205,9.711559710127693e-6
loc8,20,6.78898029406029e-29,22.766131035993247,0.6168487957407205,1.707642112964034e-25
loc76,20,3.889915875603063e-6,22.991303545513148,0.626633157864851,0.009784362124130455
loc34,20,8.041656230857099e-15,23.29122228619803,0.6266331578850782,2.022729517981608e-11
loc124,20,1.684280003203795e-8,23.498150761281433,0.6266755228255982,4.2364940520012304e-5
loc129,20,1.6785306741254424e-9,23.519769981850864,0.626679744858279,4.2220326807345135e-6
loc110,20,1.6676271374452151e-6,23.9748679317842,0.6308743517142078,0.0041946068559288435
loc130,20,9.726404111389035e-10,23.994033416947957,0.6308767982108169,2.446496609048331e-6
loc18,20,5.629016544115541e-23,24.379476779994977,0.6308767982108169,1.415874739497013e-19
loc42,20,3.3546167956562483e-12,24.447273302485783,0.6308768066487335,8.437916542681602e-9
loc50,20,5.475042576064276e-10,24.64365046881912,0.6308781837941763,1.3771454427903247e-6
loc98,20,7.842107069750402e-6,25.82372817631102,0.6506035500592618,0.019725366265085583
loc59,20,3.402824388780939e-8,26.333697920862782,0.6506891417973081,8.559173804624726e-5
loc10,20,1.379589915586623e-27,26.75221683383964,0.6506891417973081,3.4701026316681975e-24
loc60,20,3.879071410469399e-8,26.804646070337668,0.6507867126461365,9.75708488284723e-5
loc55,20,6.510351490574998e-9,27.362630052639567,0.6508030882281738,1.6375582037306337e-5
loc2,20,1.3583805536576342e-41,27.409448146648263,0.6508030882281738,3.4167544143361707e-38
loc53,20,3.773740035888293e-9,28.20194857613279,0.6508125803715142,9.492143340435548e-6
loc7,20,2.145870513319815e-29,28.369694995108727,0.6508125803715142,5.397539392946311e-26
loc85,20,1.8231260525818355e-5,28.62866972449109,0.6966699358178752,0.045857355446360895
loc56,20,7.864665265771424e-9,28.95453591397163,0.6966897179250996,1.978210722447782e-5
loc48,20,2.1440645238644832e-10,29.51879292769392,0.6966902572247757,5.392996761334623e-7
loc3,20,6.960445349075207e-37,29.97720718630224,0.6966902572247757,1.7507709682799553e-33
loc97,20,9.559947635822698e-6,30.117259445949784,0.7207365329150213,0.024046275690245537
loc115,20,3.358893638024203e-7,30.185149093350244,0.7215814003296868,8.448674146654054e-4
loc86,20,2.1681487741818e-5,30.730470972782225,0.7761171626031972,0.05453576227351044
loc117,20,2.907137148159337e-7,30.73560457690763,0.7768483990492216,7.312364460245052e-4
loc123,20,2.771886069368335e-8,30.82843225641902,0.7769181207037171,6.972165449549145e-5
loc102,20,7.303737664539758e-6,31.029901731552663,0.7952893185534468,0.018371197849729553
loc64,20,1.1010496459808216e-7,31.43635719659614,0.795566267176436,2.7694862298922656e-4
loc54,20,4.837621040909092e-9,31.450733957865847,0.7955784353151817,1.2168138745732984e-5
loc88,20,2.253370861237489e-5,31.825405949338784,0.8522578011713731,0.056679365856191405
loc116,20,2.4923626467576175e-7,32.83419056414057,0.8528847087822414,6.269076108683744e-4
loc13,20,1.9825817963583356e-25,32.92931048083315,0.8528847087822414,4.986816902119164e-22
loc9,20,1.6186401555173202e-28,33.23741288033187,0.8528847087822414,4.0713891859640785e-25
loc106,20,5.380202663903109e-6,35.10971149949483,0.866417610996143,0.013532902213901521
loc99,20,8.801041880852523e-6,35.23399275249702,0.8885549999746511,0.022137388978508196
loc26,20,2.8861188105678945e-18,35.41524164084468,0.8885549999746584,7.259496729214747e-15
loc132,20,3.0741315151117915e-10,35.680247453251866,0.8885557732154411,7.732407826529785e-7
loc118,20,2.6557691546124126e-7,36.732933511644504,0.8892237827035073,6.680094880662461e-4
loc125,20,1.0294124532189056e-8,37.01158750046242,0.8892496756650506,2.589296154334383e-5
loc12,20,1.9450217116744563e-26,38.688744742192526,0.8892496756650506,4.892341473417738e-23
loc93,20,1.3380383287368721e-5,39.61719904462325,0.9229055488587048,0.03365587319365411
loc94,20,1.2287334902559831e-5,40.709399370216154,0.9538120615113657,0.03090651265266091
loc74,20,3.2731106375719484e-6,41.349202214519785,0.9620449644261061,0.008232902914740412
loc29,20,3.409983554620097e-17,42.193650086043554,0.9620449644261919,8.577181358853945e-14
loc20,20,2.920626334241565e-22,43.33417809125323,0.9620449644261919,7.346294006695163e-19
loc58,20,2.487888682209626e-8,43.76815792116223,0.962107542652996,6.257822680417437e-5
loc67,20,2.7058016014716533e-7,43.888385296101376,0.9627881368753775,6.805942223813867e-4
loc66,20,1.8580637933568116e-7,45.77114971662209,0.9632554983707239,4.6736149534647875e-4
loc14,20,8.193113184113287e-25,45.92292018727608,0.9632554983707239,2.0608257062866135e-21
loc17,20,3.159760667671158e-23,47.86899881095029,0.9632554983707239,7.947792082595055e-20
loc36,20,6.947827122509278e-14,49.790597431296696,0.9632554985454836,1.7475970873521e-10
loc16,20,1.2189887325421116e-23,53.179778308309075,0.9632554985454836,3.066140134091654e-20
loc83,20,1.4608285234690037e-5,55.16437662901261,0.9999999314123348,0.03674443286685119
loc45,20,2.7268026684628475e-11,56.79437600205908,0.9999999999999999,6.85876651385153e-8
loc19,20,1.008108778226905e-22,62.80388822971769,0.9999999999999999,2.5357107099797027e-19
loc61,21,1.88300242348121e-9,6.5054820508098645,4.702978621251217e-5,4.702978621251217e-5
loc137,21,2.461691914873097e-11,7.127614797556881,4.764461730903044e-5,6.148310965182713e-7
loc33,21,2.1358810170855158e-17,7.393063341857737,4.7644617842487146e-5,5.334567091166424e-13
loc73,21,1.0973226719467633e-7,8.497141934334714,0.0027883129262980056,0.0027406683084555184
loc22,21,1.3726135679219092e-23,8.510882162533118,0.002788312926298006,3.428233646795681e-19
loc105,21,7.217572801088612e-7,8.660622681619051,0.020814891202331074,0.01802657827603307
loc87,21,2.105432707595567e-6,9.553441303024758,0.07340008646723681,0.05258519526490574
loc15,21,1.7059760168639904e-26,9.772744947293202,0.07340008646723681,4.26083824196348e-22
loc119,21,6.873045192563053e-8,9.80714131239609,0.07511669522994667,0.0017166087627098604
loc68,21,1.4128258144986157e-8,9.81891695809218,0.07546956198775226,3.5286675780558973e-4
loc23,21,2.7770898522692984e-23,9.841270762040564,0.07546956198775226,6.936047474846247e-19
loc4,21,1.4777714829571412e-38,10.029731119011675,0.07546956198775226,3.6908755956848047e-34
loc107,21,7.643624823391465e-7,10.219740705582709,0.09456024593218208,0.019090683944429813
loc1,21,1.056521709959433e-76,10.259861042484232,0.09456024593218208,2.6387640041593256e-72
loc135,21,5.449782121053366e-11,10.576307755627608,0.09456160706738223,1.3611352001558828e-6
loc128,21,1.3484491587807401e-9,10.631435463417674,0.09459528587462383,3.367880724160571e-5
loc49,21,1.0227669723312958e-11,11.159585326591587,0.09459554132045574,2.5544583190197457e-7
loc113,21,1.498603649214646e-7,11.315462767657522,0.09833844724351648,0.003742905923060734
loc126,21,2.885249711710987e-9,11.436800078861564,0.0984105091141861,7.206187066961792e-5
loc120,21,4.62461745047493e-8,11.582868577739356,0.099565551546943007,0.001155042432756908
loc30,21,2.0000205329918145e-18,11.650056713030128,0.09956555154699295,4.9952425400146214e-14
loc81,21,9.262591621915009e-7,11.707843660312864,0.12269975989002412,0.02313420834303117
loc79,21,6.675926576299813e-7,11.978692602464356,0.13937352492285715,0.016673765032833028
loc136,21,3.303693142702139e-11,11.990493933669947,0.13937435005181226,8.251289550959754e-7
loc62,21,2.750633700546722e-9,12.292262125315156,0.13944304975887184,6.869970705958277e-5
loc11,21,1.4553899035673222e-29,12.706259430288071,0.13944304975887184,3.634975460842941e-25
loc78,21,4.578442448583086e-7,13.09926467379979,0.15087814760357207,0.011435097844700247
loc111,21,2.275214645951157e-7,13.39775770612417,0.1565607137570897,0.005682566153517604
loc139,21,7.361149279336421e-12,13.619630671445483,0.1565608976088323,1.8385174260453333e-7
loc70,21,2.3185778848913425e-8,13.658652973168122,0.1571399846077853,5.790869989530132e-4
loc134,21,9.639406050086862e-11,13.826703240054773,0.15714239214162645,2.4075338411570836e-6
loc95,21,1.1619323904176237e-6,13.92398810650927,0.186162764730265,0.029020372588638547
loc5,21,3.2282143764204445e-38,14.052798684357782,0.186162764730265,8.062774114253643e-34
loc92,21,1.5066811249088122e-6,14.373654008447904,0.2237935666406991,0.03763080191043411
loc51,21,2.5469571640517467e-11,14.40426845640002,0.22379420276760698,6.361269078790179e-7
loc37,21,2.1908977378428837e-15,14.43561544316128,0.22379420282232676,5.471976612421791e-11
loc122,21,1.844339527826232e-8,14.575154971883348,0.22425484425653475,4.606414342080047e-4
loc32,21,1.1989869032066778e-17,14.925983799510716,0.22425484425683423,2.9945844480202155e-13
loc69,21,1.798189421213419e-8,15.297706250337782,0.22470395926058934,4.491150037551291e-4
loc108,21,5.675896716408236e-7,15.354625145761624,0.2388800540870357,0.014176094826446346
loc31,21,3.3533036214039037e-18,15.41903666978217,0.23888005408711943,8.375196465690694e-14
loc133,21,1.7704598614269113e-10,15.66913466865259,0.2388844759799297,4.42189281024961e-6
loc21,21,4.144812217711686e-24,15.84253000167424,0.2388844759799297,1.03520648757112e-19
loc91,21,1.5552871044788984e-6,15.85336694930975,0.2777292587112726,0.03884478273134286
loc27,21,1.477539404525427e-19,15.935869555647374,0.27772925871127624,3.6902959576082976e-15
loc82,21,1.1247081963125286e-6,16.107951798556133,0.30581992145521947,0.0280906627439432
loc138,21,1.4046910059483278e-11,16.231704852258247,0.305820272290231,3.5083501157824043e-7
loc39,21,1.4470736135253702e-14,16.248660041996683,0.3058202726516515,3.6142047311892224e-10
loc57,21,3.7290639622250737e-10,16.336677165510828,0.3058295863455018,9.313693850271288e-6
loc109,21,3.986465849887728e-7,16.692227547638765,0.3157861660251546,0.009956579679652829
loc28,21,3.076632281870342e-19,17.044166164407702,0.3157861660251623,7.684183337553709e-15
loc6,21,1.7179389206893243e-35,17.081046786221755,0.3157861660251623,4.2907167382612265e-31
loc121,21,2.9276313925205175e-8,17.487369735909002,0.3165173699619301,7.312039367678124e-4
loc52,21,8.742778817113344e-11,17.66769123773117,0.31651955355454553,2.1835926154145148e-6
loc43,21,1.663299430367595e-13,17.72884616029845,0.3165195577087949,4.154249386092829e-9
loc90,21,1.6981241337325711e-6,17.842194000308627,0.35893183183858823,0.042412274129793315
loc63,21,3.7109426109090833e-9,18.168984753442903,0.35902451617901265,9.268434042442827e-5
loc140,21,4.538670885850998e-12,18.340173026973098,0.35902462953665826,1.1335764563483878e-7
loc112,21,1.687337360694622e-7,18.359326206094156,0.36323891595245295,0.0042142864157946455
loc100,21,8.570208781152004e-7,18.43701087849412,0.3846438319391792,0.0214049159867263
loc71,21,5.84874092191991e-8,18.448923146993643,0.3861046109150328,0.0014607789758535564
loc38,21,6.881380178165784e-15,18.7252715132586,0.3861046110869018,1.7186905050703197e-10
loc77,21,3.209664435258412e-7,18.982795593712297,0.39412105494920113,0.008016443862299308
loc103,21,1.1754962101067982e-6,19.18314247497054,0.42348019690544764,0.029359141956246483
loc96,21,1.3287939112480141e-6,19.29264705320117,0.4566680955439145,0.033187898638466926
loc65,21,7.416561899654359e-9,19.65295181001958,0.45685333126970173,1.8523572578720484e-4
loc72,21,8.493248703294522e-8,19.68031804774619,0.4589746013529722,0.0021212700832704125
loc40,21,3.839337256096562e-14,19.700265494641584,0.45897460231188336,9.589111946979722e-10
loc25,21,3.552201141368868e-21,19.72884762014308,0.4589746023118835,8.871962042065136e-17
loc41,21,5.72880917083219e-14,19.796972856270337,0.4589746037427083,1.4308248741306281e-9
loc75,21,2.2971444394041161e-7,19.885536700323872,0.4647119416524869,0.0057373379097785705
loc131,21,5.029509701385764e-10,20.12627286195111,0.46472450333393034,1.2561681443438075e-5
loc104,21,8.918149397462168e-7,20.78952790866185,0.4869984342829138,0.022273930948983466
loc84,21,1.272503304557799e-6,20.830707999676516,0.5187804211894568,0.03178198690654299
loc44,21,2.926709174174905e-13,20.941338138609954,0.5187804284991928,7.309736039169645e-9
loc114,21,1.0580135547206905e-7,21.075709980631583,0.5214229185283062,0.0026424900291133714
loc47,21,4.822531250464698e-12,21.30783233127111,0.5214230389756359,1.204473296923385e-7
loc101,21,8.683887549738463e-7,21.30785250539232,0.5431118785578315,0.021688839582195647
loc46,21,1.473517735676926e-12,21.33664253472704,0.5431119153603461,3.6802514550731994e-8
loc89,21,1.9528748816454156e-6,21.63179885130597,0.5918868330334595,0.04877491767311332
loc35,21,3.877182027049426e-16,21.87430425041652,0.591886833043143,9.683632881471362e-12
loc24,21,5.587935099176881e-22,22.289550025148017,0.591886833043143,1.3956402275777745e-17
loc80,21,8.296993967117322e-7,22.443775427271035,0.612609368904708,0.02072253586156495
loc127,21,1.782864633315136e-9,22.604493316933393,0.6126538976538509,4.452874914289585e-5
loc8,21,3.505135734575334e-31,22.766131035993247,0.6126538976538509,8.75441168780629e-27
loc76,21,2.3909978334349793e-7,22.991303545513148,0.6186256433902764,0.005971745736425439
loc34,21,1.4569351622644152e-16,23.29122228619803,0.6186256433939151,3.638834892209628e-12
loc124,21,7.032088858936261e-9,23.498150761281433,0.6188012765378448,1.7563314392965313e-4
loc129,21,1.213233876122782e-9,23.519769981850864,0.6188315782140977,3.0301676252941517e-5
loc110,21,3.220562485828679e-7,23.9748679317842,0.62687524099986,0.008043662785762257
loc130,21,7.682636977063728e-10,23.994033416947957,0.626894429120389,1.9188120528898158e-5
loc18,21,4.669299387554403e-25,24.379476779994977,0.626894429120389,1.166202173828954e-20
loc42,21,7.90676241224039e-14,24.447273302485783,0.6268944310951785,1.974789523602029e-9
loc50,21,1.6765294800762217e-11,24.64365046881912,0.6268948498244485,4.187292700409298e-7
loc98,21,8.842934131192588e-7,25.82372817631102,0.6489809234532042,0.02208607362875571
loc59,21,1.33374283911092e-9,26.333697920862782,0.6490142349560486,3.3311502844426105e-5
loc10,21,7.909120122145556e-30,26.75221683383964,0.6490142349560486,1.9753783841972593e-25
loc60,21,1.522880254953761e-9,26.804646070337668,0.6490522703467229,3.803539067428401e-5
loc55,21,2.2971196872017356e-10,27.362630052639567,0.6490580076228117,5.737276088786111e-6
loc2,21,1.7139234916366782e-44,27.409448146648263,0.6490580076228117,4.2806878202129785e-40
loc53,21,1.3056787801976902e-10,28.20194857613279,0.6490612686804252,3.261057613584308e-6
loc7,21,1.0746869746252338e-31,28.369694995108727,0.6490612686804252,2.6841334897783037e-27
loc85,21,1.5469455454755034e-6,28.62866972449109,0.6876977129987546,0.03863644431832932
loc56,21,2.784394707708565e-10,28.95453591397163,0.6877046672908045,6.9542920498578325e-6
loc48,21,6.282267879780572e-12,29.51879292769392,0.6877048241964524,1.5690564793304454e-7
loc3,21,1.5280338121016163e-39,29.97720718630224,0.6877048241964524,3.8164105692318616e-35
loc97,21,1.0674456809080359e-6,30.117259445949784,0.7143653008589114,0.02666047666245893
loc115,21,7.38101483009839e-8,30.185149093350244,0.7162087798962307,0.0018434790373193218
loc86,21,1.931488712878922e-6,30.730470972782225,0.7644495575531387,0.048240777656908006
loc117,21,8.770425346993708e-8,30.73560457690763,0.7666400551537703,0.0021904976006316213
loc123,21,1.1496848597699e-8,30.82843225641902,0.7669271999417562,2.871447879858768e-4
loc102,21,1.0237669480146363e-6,31.029901731552663,0.7924967584809063,0.02556955853915015
loc64,21,4.626142125295232e-9,31.43635719659614,0.7926123008043936,1.1554232348735077e-4
loc54,21,1.685666924742343e-10,31.450733957865847,0.7926165109187359,4.2101143422626245e-6
loc88,21,2.1212006545017037e-6,31.825405949338784,0.845595525736266,0.05297901481753004
loc116,21,5.747194143668182e-8,32.83419056414057,0.847030942433175,0.0014354166969090662
loc13,21,1.3761248726969175e-27,32.92931048083315,0.847030942433175,3.437003466251904e-23
loc9,21,8.479882796340681e-31,33.23741288033187,0.847030942433175,2.1179318201925917e-26
loc106,21,9.666494513791537e-7,35.10971149949483,0.8711739368732762,0.02414299444010111
loc99,21,1.0697183827421344e-6,35.23399275249702,0.8978911764373912,0.026717239564115123
loc26,21,3.756129232740248e-20,35.41524164084468,0.8978911764373922,9.381291951592857e-16
loc132,21,3.194381478079657e-10,35.680247453251866,0.8978991547106074,7.978273215259831e-6
loc118,21,1.0023244759592635e-7,36.732933511644504,0.9004025559400538,0.0025034012294463115
loc125,21,4.389376360469774e-9,37.01158750046242,0.9005121848121491,1.0962887209539917e-4
loc12,21,1.2159378335758729e-28,38.688744742192526,0.9005121848121491,3.0369210176085116e-24
loc93,21,1.3464362524748727e-6,39.61719904462325,0.9341407177938547,0.03362853298170553
loc94,21,1.2644254271405155e-6,40.709399370216154,0.9657209519871519,0.03158023419329721
loc74,21,1.9529015049786898e-7,41.349202214519785,0.9705985102487841,0.004877558261632133
loc29,21,4.812283335113371e-19,42.193650086043554,0.9705985102487961,1.201913782065163e-14
loc20,21,2.5185013120504165e-24,43.33417809125323,0.9705985102487961,6.29019786722778e-20
loc58,21,9.57309177389044e-10,43.76815792116223,0.9706224199609613,2.390971216523869e-5
loc67,21,1.2256079417719287e-8,43.888385296101376,0.9709285272647179,3.0610730375656386e-4
loc66,21,8.13270017734828e-9,45.77114971662209,0.9711316492288224,2.0312196410455979e-4
loc14,21,5.988075357070221e-27,45.92292018727608,0.9711316492288224,1.4955790834659811e-22
loc17,21,2.6127227322227245e-25,47.86899881095029,0.9711316492288224,6.5255248743566764e-21
loc36,21,1.4022851261622468e-15,49.790597431296696,0.9711316492638459,3.502341200946107e-11
loc16,21,9.823747019777758e-26,53.179778308309075,0.9711316492638459,2.453574761161542e-21
loc83,21,1.155844948992437e-6,55.16437662901261,0.9999999821815644,0.028868332917718505
loc45,21,7.134235617837951e-13,56.79437600205908,1,1.7818435691458714e-8
loc19,21,8.396987858927932e-25,62.80388822971769,1,2.0972280168623033e-20
loc61,3,2.3392574351785616e-5,6.5054820508098645,0.0389355830889046,0.0389355830889046
loc137,3,2.0757580677519918e-39,7.127614797556881,0.0389355830889046,3.4549788964655986e-36
loc33,3,2.293431629644931e-6,7.393063341857737,0.04275286700267555,0.003817283913770948
loc73,3,2.749947356172767e-6,8.497141934334714,0.04732999486240619,0.004577127859730638
loc22,3,6.71895685077933e-8,8.510882162533118,0.047441828001760646,1.1183313935446113e-4
loc105,3,1.5566083404337344e-13,8.660622681619051,0.04744182826084908,2.5908842893648103e-10
loc87,3,6.841687365396146e-9,9.553441303024758,0.04745321585260694,1.1387591757867239e-5
loc15,3,2.104343435195371e-9,9.772744947293202,0.047456718410189384,3.50255758244009e-6
loc119,3,1.1220558272467012e-21,9.80714131239609,0.047456718410189384,1.8675968380033686e-18
loc68,3,1.3292340245623723e-5,9.81891695809218,0.06958104770787386,0.02212432929768448
loc23,3,1.0653815058882301e-7,9.841270762040564,0.06975837427963157,1.7732657175770444e-4
loc4,3,1.6980822428649293e-12,10.029731119011675,0.06975837710599096,2.8263593935660245e-9
loc107,3,9.523654596952779e-15,10.219740705582709,0.06975837712184253,1.5851570643458416e-11
loc1,3,9.434998488871433e-17,10.259861042484232,0.06975837712199957,1.5704007694181025e-13
loc135,3,6.205122737468089e-33,10.576307755627608,0.06975837712199957,1.0328066859520229e-29
loc128,3,7.741933332564835e-26,10.631435463417674,0.06975837712199957,1.288599895016808e-22
loc49,3,1.994028709435196e-5,11.159585326591587,0.10294782832575258,0.033189451203753
loc113,3,1.3061878749633314e-16,11.315462767657522,0.10294782832596998,2.1740739505856248e-13
loc126,3,3.782360353122396e-24,11.436800078861564,0.10294782832596998,6.2955194065647676e-21
loc120,3,4.331076500359934e-22,11.582868577739356,0.10294782832596999,7.208825604578838e-19
loc30,3,8.993605803965735e-7,11.650056713030128,0.10444476184334676,0.0014969335173767783
loc81,3,1.1917991544788447e-7,11.707843660312864,0.10464312989940877,1.9836805606200932e-4
loc79,3,2.533721064839873e-7,11.978692602464356,0.10506485307344092,4.21723174032149e-4
loc136,3,2.0643958159165774e-34,11.990493933669947,0.10506485307344092,3.4360670873691765e-31
loc62,3,2.1565778983238013e-5,12.292262125315156,0.14095984123726915,0.03589498816382822
loc11,3,2.3297087561104906e-10,12.706259430288071,0.14096022900377778,3.8776650864664054e-7
loc78,3,4.4885031814656427e-7,13.09926467379979,0.1417073143221298,7.470853183520098e-4
loc111,3,1.0430325975583596e-15,13.39775770612417,0.14170731432386585,1.7360672560422813e-12
loc139,3,2.8590325951413663e-42,13.619630671445483,0.14170731432386585,4.758693912348985e-39
loc70,3,1.0002261968726607e-5,13.658652973168122,0.15835549917533853,0.016648184851472667
loc134,3,2.953829064695211e-32,13.826703240054773,0.15835549917533853,4.916477137116925e-29
loc95,3,3.456007359406108e-10,13.92398810650927,0.15835607440771643,5.752323779094918e-7
loc5,3,3.3118725926529527e-12,14.052798684357782,0.15835607992013626,5.5124198205770316e-9
loc92,3,1.2380816025523568e-9,14.373654008447904,0.15835814063514703,2.060715010759036e-6
loc51,3,2.4003216727689042e-5,14.40426845640002,0.19831010253756082,0.03995196190241381
loc37,3,4.47498163511419e-6,14.43561544316128,0.2057584498915155,0.007448347353954689
loc122,3,1.2265889164013544e-22,14.575154971883348,0.2057584498915155,2.041586101310346e-19
loc32,3,1.6371111731357344e-6,14.925983799510716,0.20848332647623116,0.0027248765847156485
loc69,3,1.1706470544291497e-5,15.297706250337782,0.2279680676466823,0.019484741170451108
loc108,3,5.7569786254210034e-15,15.354625145761624,0.22796806765626443,9.582156980256309e-12
loc31,3,1.3081119876228769e-6,15.41903666978217,0.23014534418076096,0.002177276524496539
loc133,3,5.492723838871628e-32,15.66913466865259,0.23014534418076096,9.142320216520702e-29
loc21,3,4.310683153853915e-8,15.84253000167424,0.23021709300138363,7.174882062264723e-5
loc91,3,1.954434102092465e-9,15.85336694930975,0.2302203460435768,3.2530421931950015e-6
loc27,3,3.213630260871958e-7,15.935869555647374,0.23075523615937824,5.348901158014153e-4
loc82,3,7.491402647257538e-8,16.107951798556133,0.23087992621094686,1.2469005156863844e-4
loc138,3,1.3091877930976853e-41,16.231704852258247,0.23087992621094686,2.1790671403057265e-38
loc39,3,5.9911877417689024e-6,16.248660041996683,0.24085191067973039,0.009971984468783517
loc57,3,2.8128438994801132e-5,16.336677165510828,0.2876700657563504,0.046818155076620044
loc109,3,3.996032885829773e-15,16.692227547638765,0.2876700657630016,6.651164942876153e-12
loc28,3,4.6936796659822407e-7,17.044166164407702,0.2884513015170459,7.812357540443326e-4
loc6,3,8.395036698725033e-12,17.081046786221755,0.28845131549009756,1.3973051618949385e-8
loc121,3,2.3621850897323034e-22,17.487369735909002,0.28845131549009756,3.9317200599438564e-19
loc52,3,1.7514903000868634e-5,17.66769123773117,0.3176038555581115,0.029152540068013932
loc43,3,1.286630142058714e-5,17.72884616029845,0.3390190679445123,0.021415212386400838
loc90,3,2.7304205074261413e-9,17.842194000308627,0.339023612571065,4.544626552674593e-6
loc63,3,2.0497495373176206e-5,18.168984753442903,0.37314050463325993,0.034116892062194946
loc140,3,4.2432043036298386e-50,18.340173026973098,0.37314050463325993,7.062567430273706e-47
loc112,3,5.263810228991231e-16,18.359326206094156,0.37314050463413606,8.761306791335246e-13
loc100,3,1.6044724331613603e-11,18.43701087849412,0.37314053133964903,2.670551295284971e-8
loc71,3,4.852727537969454e-6,18.448923146993643,0.3812176148372164,0.008077083497567361
loc38,3,4.946733775022822e-6,18.7252715132586,0.3894511662633932,0.008233551426176822
loc77,3,7.411295891919186e-7,18.982795593712297,0.3906847334743242,0.0012335672109309763
loc103,3,4.1904947096644813e-13,19.18314247497054,0.3906847341718077,6.974835368613553e-10
loc96,3,1.4033905537720003e-10,19.29264705320117,0.3906849677580248,2.3358621710826196e-7
loc65,3,1.6403327807347102e-5,19.65295181001958,0.4179873553949268,0.027302387636901997
loc72,3,3.5199466343937364e-6,19.68031804774619,0.4238461023883498,0.0058587469934229764
loc40,3,6.620899782266103e-6,19.700265494641584,0.43486620602119574,0.011020103632845973
loc25,3,1.9153393815306787e-7,19.72884762014308,0.43518500315105224,3.1879712985649394e-4
loc41,3,8.624304475573903e-6,19.796972856270337,0.44953965768556214,0.014354654534509905
loc75,3,1.2411654244279122e-6,19.885536700323872,0.45160550553895157,0.0020658478533894112
loc131,3,2.132965383115602e-30,20.12627286195111,0.45160550553895157,3.550197154496399e-27
loc104,3,2.838815954955284e-13,20.78952790866185,0.45160550601145605,4.725044487454302e-10
loc84,3,3.811778909951509e-8,20.830707999676516,0.4516689508603354,6.344484887941474e-5
loc44,3,1.5191945120562645e-5,20.941338138609954,0.4769550622830654,0.025286111422729938
loc114,3,7.01641796516719e-17,21.075709980631583,0.4769550622831822,1.1678420705688464e-13
loc47,3,1.449678791465054e-5,21.30783233127111,0.5010841248602567,0.024129062577074544
loc101,3,6.474274002325409e-12,21.30785250539232,0.5010841356363103,1.0776053527372201e-8
loc46,3,1.677328359497493e-5,21.33664253472704,0.5290022932219056,0.02791815758559535
loc89,3,3.4150755548854672e-9,21.63179885130597,0.5290079774170704,5.684195164778018e-6
loc35,3,2.9481458243162067e-6,21.87430425041652,0.5339149951302409,0.004907017713170537
loc24,3,1.395213591333202e-7,22.289550025148017,0.5341472203393829,2.3222520914196099e-4
loc80,3,1.6534198229460122e-7,22.443775427271035,0.5344224224780147,2.752021386318361e-4
loc127,3,1.418213322861586e-24,22.604493316933393,0.5344224224780147,2.3605338104163707e-21
loc8,3,3.738636628792529e-11,22.766131035993247,0.5344224847054527,6.222743803674701e-8
loc76,3,1.1048195272144122e-6,22.991303545513148,0.5362613927218686,0.001838908016415793
loc34,3,2.3875304706515426e-6,23.29122228619803,0.5402352986981575,0.0039739059762889575
loc124,3,3.429548860319298e-23,23.498150761281433,0.5402352986981575,5.708285142127903e-20
loc129,3,3.0330793826016203e-28,23.519769981850864,0.5402352986981575,5.04838469424441e-25
loc110,3,1.6716888313216995e-15,23.9748679317842,0.5402352987009399,2.782429091039803e-12
loc130,3,3.8875854171380455e-29,23.994033416947957,0.5402352987009399,6.470660421888885e-26
loc18,3,9.788584015726125e-9,24.379476779994977,0.5402515912312333,1.629253029339782e-5
loc42,3,1.1371256931568731e-5,24.447273302485783,0.5591783887878511,0.01892679755661782
loc50,3,2.168694544585579e-5,24.64365046881912,0.5952750515002732,0.036096662712422005
loc98,3,7.376746560462106e-11,25.82372817631102,0.5952751742819407,1.2278166751182707e-7
loc59,3,2.0281479361946748e-5,26.333697920862782,0.629032520223761,0.033757345941820366
loc10,3,1.2809582136398027e-10,26.75221683383964,0.6290327334318253,2.1320806427951042e-7
loc60,3,2.249032721349645e-5,26.804646070337668,0.6664665784951798,0.03743384506335451
loc55,3,2.3172448755096127e-5,27.362630052639567,0.7050357752970939,0.03856919680191417
loc2,3,1.8912352191466968e-13,27.409448146648263,0.7050357756118791,3.147851318473123e-10
loc53,3,1.8745258084308923e-5,28.20194857613279,0.7362361703477778,0.031200394735898692
loc7,3,1.9828193511410257e-11,28.369694995108727,0.7362362033506558,3.300287793709471e-8
loc85,3,2.1569435678749142e-8,28.62866972449109,0.7362721044251771,3.590107452139465e-5
loc56,3,2.642618429292083e-5,28.95453591397163,0.7802569552922295,0.043984850867052366
loc48,3,1.7968644995143885e-5,29.51879292769392,0.810164722589763,0.02990776729753349
loc3,3,7.896229950532775e-13,29.97720718630224,0.8101647239040447,1.3142816720580303e-9
loc97,3,1.0630032386612179e-10,30.117259445949784,0.8101649008347677,1.7693072297324656e-7
loc115,3,3.7477696206449445e-17,30.185149093350244,0.8101649008348301,6.237945138840828e-14
loc86,3,1.1211149377578932e-8,30.730470972782225,0.8101835611426503,1.8660307820268845e-5
loc117,3,1.483344055000101e-19,30.73560457690763,0.8101835611426506,2.4689401360599085e-16
loc123,3,6.314378883662746e-23,30.82843225641902,0.8101835611426506,1.0509917377302633e-19
loc102,3,1.7006223774533824e-12,31.029901731552663,0.8101835639732379,2.8305873002443746e-9
loc64,3,2.013795652504287e-5,31.43635719659614,0.8437020244782786,0.033518460505040745
loc54,3,2.1304280365401435e-5,31.450733957865847,0.8791617633613181,0.03545973888303956
loc88,3,4.563646753125737e-9,31.825405949338784,0.8791693592866179,7.595925299738266e-6
loc116,3,1.2259312902761768e-17,32.83419056414057,0.8791693592866383,2.0404915207715292e-14
loc13,3,7.131655864237064e-10,32.92931048083315,0.8791705463093887,1.1870227504151558e-6
loc9,3,6.95491485710712e-11,33.23741288033187,0.8791706620699122,1.1576052349897989e-7
loc106,3,1.8408396608617184e-14,35.10971149949483,0.879170662100552,3.063970834974019e-11
loc99,3,2.313377207352535e-11,35.23399275249702,0.8791707006053736,3.850482170893569e-8
loc26,3,2.372905439946579e-7,35.41524164084468,0.8795656569514763,3.949563461026313e-4
loc132,3,1.1604927009378623e-31,35.680247453251866,0.8795656569514763,1.9315727846766214e-28
loc118,3,3.0095237742050027e-21,36.732933511644504,0.8795656569514763,5.0091777504449044e-18
loc125,3,1.465464332762383e-23,37.01158750046242,0.8795656569514763,2.4391803755340192e-20
loc12,3,4.143434958009072e-10,38.688744742192526,0.8795663466021905,6.896507141751144e-7
loc93,3,8.719450477504004e-10,39.61719904462325,0.879567797904144,1.4513019535642999e-6
loc94,3,5.473529279315573e-10,40.709399370216154,0.8795687089413425,9.110371985547456e-7
loc74,3,1.5414883165420756e-6,41.349202214519785,0.8821344268279983,0.002565717886655697
loc29,3,7.075947099101436e-7,42.193650086043554,0.8833121771776032,0.001177750349604969
loc20,3,2.6264221735318523e-8,43.33417809125323,0.883355892451188,4.3715273584792506e-5
loc58,3,2.029003978666496e-5,43.76815792116223,0.9171274867233922,0.033771594272204185
loc67,3,1.3789995989057069e-5,43.888385296101376,0.9400801351387902,0.022952648415398028
loc66,3,1.6955628822576142e-5,45.77114971662209,0.9683017957785327,0.028221660639742543
loc14,3,1.225777058960687e-9,45.92292018727608,0.9683038360133445,2.0402348116933042e-6
loc17,3,5.7996604783992255e-9,47.86899881095029,0.9683134892117932,9.653198448716797e-6
loc36,3,3.2906233637355368e-6,49.790597431296696,0.973790540923429,0.005477051711635826
loc16,3,3.463348800923375e-9,53.179778308309075,0.9737963054666117,5.764543182649622e-6
loc83,3,5.6716203178966e-8,55.16437662901261,0.9738907062968988,9.440083028712324e-5
loc45,3,1.5670174836480025e-5,56.79437600205908,0.9999728033413764,0.026082097044477597
loc19,3,1.6339805609724954e-8,62.80388822971769,1,2.7196658623655616e-5
loc61,4,1.1126783245232488e-4,6.5054820508098645,0.04382578997706797,0.04382578997706797
loc137,4,6.047769613317733e-37,7.127614797556881,0.04382578997706797,2.3820746307475904e-34
loc33,4,4.491653095630662e-6,7.393063341857737,0.04559494680236428,0.001769156825296308
loc73,4,1.8465088114182346e-5,8.497141934334714,0.05286791200501572,0.007272965202651441
loc22,4,7.250994052456769e-8,8.510882162533118,0.05289647197023335,2.855996521762921e-5
loc105,4,2.932737057505761e-12,8.660622681619051,0.05289647312536971,1.1551363543931987e-9
loc87,4,7.553426655927764e-8,9.553441303024758,0.05292622430169209,2.975117632238555e-5
loc15,4,1.8982670479228376e-9,9.772744947293202,0.052926971984567986,7.476828758958792e-7
loc119,4,5.256722699032871e-20,9.80714131239609,0.05292697198456801,2.070499801227024e-17
loc68,4,7.297178417814704e-5,9.81891695809218,0.08166884658712824,0.02874187460256023
loc23,4,1.1654154152083208e-7,9.841270762040564,0.08171474956743914,4.59029803109013e-5
loc4,4,4.863065185839684e-13,10.029731119011675,0.08171474975898388,1.9154473380320427e-10
loc107,4,2.1022819435332852e-13,10.219740705582709,0.08171474984178782,8.280395591362752e-11
loc1,4,3.539052334109118e-19,10.259861042484232,0.08171474984178796,1.3939497237800074e-16
loc135,4,8.25257606176067e-31,10.576307755627608,0.08171474984178796,3.250496188172531e-28
loc128,4,4.964494713919257e-24,10.631435463417674,0.08171474984178796,1.9553980506244995e-21
loc49,4,7.162063234103451e-5,11.159585326591587,0.10992443742016225,0.028209687578374287
loc113,4,3.3424886361565074e-15,11.315462767657522,0.10992443742147878,1.3165278925667675e-12
loc126,4,2.0385093809002564e-22,11.436800078861564,0.10992443742147878,8.02921042178986e-20
loc120,4,2.0926881985485202e-20,11.582868577739356,0.1099244374214788,8.24260807959685e-18
loc30,4,1.6266691159998895e-6,11.650056713030128,0.11056514424095008,6.407068194712946e-4
loc81,4,1.0725698966185852e-6,11.707843660312864,0.11098760437151003,4.224601305599483e-4
loc79,4,2.1472500794478306e-6,11.978692602464356,0.11183335582488219,8.457514533721544e-4
loc136,4,3.2259990788401786e-32,11.990493933669947,0.11183335582488219,1.2706453876149927e-29
loc62,4,1.0523544048332944e-4,12.292262125315156,0.15328312806469602,0.04144977223981383
loc11,4,1.6037752669763883e-10,12.706259430288071,0.15328319123364295,6.316894692007161e-8
loc78,4,3.6085181082392473e-6,13.09926467379979,0.15470450189688337,0.0014213106632404388
loc111,4,2.4339352808081735e-14,13.39775770612417,0.1547045019064701,9.586700314323071e-12
loc139,4,1.1231883389121725e-39,13.619630671445483,0.1547045019064701,4.423975479790897e-37
loc70,4,5.734094788281945e-5,13.658652973168122,0.17728975663474206,0.022585254728271987
loc134,4,3.7182418831775784e-30,13.826703240054773,0.17728975663474206,1.464528285170827e-27
loc95,4,4.3575853072779315e-09,13.92398810650927,0.17729147298540943,1.716350667348059e-6
loc5,4,9.544662086641471e-13,14.052798684357782,0.17729147336135126,3.7594185740111655e-10
loc92,4,1.4753733931862574e-8,14.373654008447904,0.1772972845111726,5.811149821332214e-6
loc51,4,8.976674201556154e-5,14.40426845640002,0.21265429916484885,0.03535701465367624
loc37,4,1.0922154373326586e-5,14.43561544316128,0.21695627964845018,0.00430198048360134
loc122,4,6.04041391976402e-21,14.575154971883348,0.21695627964845018,2.3791773955474817e-18
loc32,4,3.1637421620331085e-6,14.925983799510716,0.2182024034964569,0.001246123848006719
loc69,4,6.55939922050231e-5,15.297706250337782,0.2440383388497092,0.02583593535325232
loc108,4,1.2854213367412566e-13,15.354625145761624,0.24403833890033896,5.062973214671191e-11
loc31,4,2.3847320888758763e-6,15.41903666978217,0.24497762894828187,9.392900479429175e-4
loc133,4,6.909424875384485e-30,15.66913466865259,0.24497762894828187,2.7214604326967134e-27
loc21,4,4.461276599191568e-8,15.84253000167424,0.24499520087063864,1.7571922356764887e-5
loc91,4,2.2747028875331177e-8,15.85336694930975,0.24500416039189576,8.959521257140612e-6
loc27,4,5.325131198417852e-7,15.935869555647374,0.2452139048223916,2.0974443049583892e-4
loc82,4,6.993130464497402e-7,16.107951798556133,0.2454893478325272,2.754430101355814e-4
loc138,4,4.899097828763584e-39,16.231704852258247,0.2454893478325272,1.9296397511158343e-36
loc39,4,1.5978578488006563e-5,16.248660041996683,0.2517829352019722,0.006293587369444979
loc57,4,1.210373864551373e-4,16.336677165510828,0.29945672340512525,0.04767378820315308
loc109,4,8.928208774188103e-14,16.692227547638765,0.2994567234402914,3.516612070039544e-11
loc28,4,7.93239734807546e-7,17.044166164407702,0.29976916197039427,3.124385301029042e-4
loc6,4,3.2562286221950566e-12,17.081046786221755,0.2997691632529464,1.282552095860983e-9
loc121,4,1.150848853524266e-20,17.487369735909002,0.2997691632529464,4.5329237604691105e-18
loc52,4,7.138620329275317e-5,17.66769123773117,0.3278865147265538,0.028117351473607402
loc43,4,3.766633137546498e-5,17.72884616029845,0.3427223993814928,0.014835884654939032
loc90,4,3.1346278070293244e-8,17.842194000308627,0.3427347459453558,1.2346563863011057e-5
loc63,4,1.0198787658963565e-4,18.168984753442903,0.3829053789226778,0.040170632977321985
loc140,4,4.417513438570363e-47,18.340173026973098,0.3829053789226778,1.739954952952037e-44
loc112,4,1.2548707337257645e-14,18.359326206094156,0.38290537892762044,4.942641553496483e-12
loc100,4,2.359003919981121e-10,18.43701087849412,0.382905471843253,9.291563255397315e-8
loc71,4,3.0487914529153823e-5,18.448923146993643,0.3949139464359975,0.012008474592744494
loc38,4,1.2794740710898678e-5,18.7252715132586,0.39995349476589914,0.005039548329901618
loc77,4,5.681356195376247e-6,18.982795593712297,0.4021912477436985,0.002237752977799388
loc103,4,7.677746056689139e-12,19.18314247497054,0.4021912507677826,3.02408412891384e-9
loc96,4,1.874267674554103e-9,19.29264705320117,0.4021919889978681,7.382300855102117e-7
loc65,4,8.587412800127143e-5,19.65295181001958,0.43601579427294734,0.03382380527507919
loc72,4,2.298400665205919e-5,19.68031804774619,0.4450686555192224,0.009052861246275067
loc40,4,1.8538450126152166e-5,19.700265494641584,0.4523705162980527,0.0073018607788303165
loc25,4,2.6553361719041726e-7,19.72884762014308,0.45247510376311206,1.0458746505936127e-4
loc41,4,2.4330908422288025e-5,19.796972856270337,0.4620584780318915,0.009583374268779414
loc75,4,9.075614564108911e-6,19.885536700323872,0.4656331497859214,0.003574671754029893
loc131,4,2.3202798044006034e-28,20.12627286195111,0.4656331497859214,9.139038044914164e-26
loc104,4,5.2340515267428255e-12,20.78952790866185,0.46563315184749154,2.061570158099994e-9
loc84,4,3.719777803592464e-7,20.830707999676516,0.46577966517231206,1.4651332482049824e-4
loc44,4,4.5471361160379515e-5,20.941338138609954,0.48368976803191494,0.017910102859602883
loc114,4,1.8229463612752844e-15,21.075709980631583,0.4836897680326329,7.180158236922821e-13
loc47,4,5.083136245954218e-5,21.30783233127111,0.5037110497121752,0.020021281679542285
loc101,4,1.0018487104318102e-10,21.30785250539232,0.5037110891726466,3.9460471372976306e-8
loc46,4,5.4620059243823574e-5,21.33664253472704,0.5252246496707401,0.021513560498093495
loc89,4,3.9023919194800224e-8,21.63179885130597,0.5252400202774017,1.5370606661598998e-5
loc35,4,6.688848645376378e-6,21.87430425041652,0.5278746009056013,0.002634580628199661
loc24,4,1.7763739972522046e-7,22.289550025148017,0.5279445681117637,6.996720616235316e-5
loc80,4,1.4522807145518383e-6,22.443775427271035,0.5285165874293052,5.720193175414481e-4
loc127,4,7.858587637498463e-23,22.604493316933393,0.5285165874293052,3.0953133868673124e-20
loc8,4,2.3162999352296895e-11,22.766131035993247,0.5285165965526675,9.12336227352755e-9
loc76,4,8.149135910544901e-6,22.991303545513148,0.5317263500909432,0.0032097535382757526
loc34,4,5.190687580484963e-6,23.29122228619803,0.5337708402074949,0.0020444901165517036
loc124,4,1.718257697244221e-21,23.498150761281433,0.5337708402074949,6.767814138751314e-19
loc129,4,2.630754179950239e-26,23.519769981850864,0.5337708402074949,1.0361923804096161e-23
loc110,4,3.87408783456092e-14,23.9748679317842,0.533770840222754,1.525912350839844e-11
loc130,4,3.684844734208759e-27,23.994033416947957,0.533770840222754,1.4513739313537213e-24
loc18,4,9.74361947415519e-9,24.379476779994977,0.5337746780059774,3.837783223410608e-6
loc42,4,3.216218090944154e-5,24.447273302485783,0.5464426068644423,0.012667928858464957
loc50,4,7.968990823574982e-5,24.64365046881912,0.5778305929935711,0.031387986129128714
loc98,4,9.981819940452918e-10,25.82372817631102,0.5778309861540513,3.931604801294556e-7
loc59,4,9.539232628550581e-5,26.333697920862782,0.6154037865319485,0.03757280037789723
loc10,4,8.812403397847311e-11,26.75221683383964,0.6154038212419389,3.470999047930018e-8
loc60,4,1.0595342529176579e-4,26.804646070337668,0.6571363908610829,0.04173256961914392
loc55,4,9.811431222366128e-5,27.362630052639567,0.695781317669566,0.03864492680848307
loc2,4,2.8634972386006126e-14,27.409448146648263,0.6957813176808446,1.1278644133972469e-11
loc53,4,7.782820907826601e-5,28.20194857613279,0.7264360241686059,0.030654706487761304
loc7,4,1.1916339498469266e-11,28.369694995108727,0.7264360288621725,4.693566690796461e-9
loc85,4,2.1962327219936597e-7,28.62866972449109,0.7265225333189356,8.650445676300879e-5
loc56,4,1.1227065646703948e-4,28.95453591397163,0.7707433121592194,0.044220778840283886
loc48,4,6.317935306874617e-5,29.51879292769392,0.7956281777798766,0.024884865620657105
loc3,4,2.0801610955793125e-13,29.97720718630224,0.7956281778618092,8.19326675860142e-11
loc97,4,1.4243151855538632e-9,30.117259445949784,0.7956287388661607,5.610043514596023e-7
loc115,4,9.882662375475844e-16,30.185149093350244,0.79562873886655,3.892548961690736e-13
loc86,4,1.198490181433138e-7,30.730470972782225,0.7956759445843422,4.7205717792311794e-5
loc117,4,5.3700493517572144e-18,30.73560457690763,0.7956759445843443,2.115136512229993e-15
loc123,4,3.1427896903650713e-21,30.82843225641902,0.7956759445843443,1.237871160751242e-18
loc102,4,2.8605205625778305e-11,31.029901731552663,0.795675955851264,1.1266919705147982e-8
loc64,4,1.0153334974995775e-4,31.43635719659614,0.8356675613650718,0.039991605513807774
loc54,4,8.908160551735918e-5,31.450733957865847,0.8707547168185277,0.03508715545345585
loc88,4,5.1551623283148244e-8,31.825405949338784,0.8707750217940555,2.0304975527875267e-5
loc116,4,3.392282487228298e-16,32.83419056414057,0.8707750217941892,1.336140522840272e-13
loc13,4,5.940162894454994e-10,32.92931048083315,0.870775255763276,2.3396908675605035e-7
loc9,4,4.372326682673777e-11,33.23741288033187,0.8707752729848455,1.7221569494318613e-8
loc106,4,3.9688764741617816e-13,35.10971149949483,0.8707752731411702,1.5632473731890868e-10
loc99,4,3.3741397781172013e-10,35.23399275249702,0.8707754060406236,1.3289945351671623e-7
loc26,4,3.7058513836128457e-7,35.41524164084468,0.8709213708364186,1.4596479579489626e-4
loc132,4,1.4470648524044306e-29,35.680247453251866,0.8709213708364186,5.69964911753328e-27
loc118,4,1.3630037089457228e-19,36.732933511644504,0.8709213708364186,5.3685519857515484e-17
loc125,4,7.498422401118141e-22,37.01158750046242,0.8709213708364186,2.9534527461164624e-19
loc12,4,3.1083412361912074e-10,38.688744742192526,0.8709214932666909,1.224302722466931e-7
loc93,4,1.0529011588766925e-8,39.61719904462325,0.8709256403974508,4.14713075994474e-6
loc94,4,6.759027553344741e-9,40.709399370216154,0.8709283026199052,2.662222454356015e-6
loc74,4,1.1036748292194251e-5,41.349202214519785,0.875275418960926,0.004347116341020826
loc29,4,1.1982977076478011e-6,42.193650086043554,0.8757474003279386,4.719813670125757e-4
loc20,4,2.7177654104482145e-8,43.33417809125323,0.8757581049685755,1.0704640636931422e-5
loc58,4,9.368831380403313e-5,43.76815792116223,0.9126597347890404,0.03690162982046481
loc67,4,7.495506806707042e-5,43.888385296101376,0.9421827784075253,0.029523043618484946
loc66,4,8.905725154891013e-5,45.77114971662209,0.9772603414039086,0.03507756299638329
loc14,4,1.0750558770637364e-9,45.92292018727608,0.9772607648432086,4.2343929996115844e-7
loc17,4,5.7547034847758085e-9,47.86899881095029,0.9772630314859636,2.266642755103082e-6
loc36,4,7.969787590975857e-6,49.790597431296696,0.9804021439268715,0.0031391124409079147
loc16,4,3.349307000457917e-9,53.179778308309075,0.980403463140358,1.319213486374742e-6
loc83,4,5.38503753867818e-7,55.16437662901261,0.9806155671411165,2.1210400075858207e-4
loc45,4,4.919815610383776e-5,56.79437600205908,0.9999935671357659,0.01937799999464937
loc19,4,1.633218386175633e-8,62.80388822971769,1,6.432864234134151e-6
loc61,5,3.7488573651577056e-4,6.5054820508098645,0.046743368280282194,0.046743368280282194
loc137,5,1.2481058600706976e-34,7.127614797556881,0.046743368280282194,1.556225435843135e-32
loc33,5,6.2310938988038834e-6,7.393063341857737,0.047520304526531075,7.769362462488797e-4
loc73,5,8.782457736699755e-5,8.497141934334714,0.05847088536772295,0.010950580841191875
loc22,5,5.542821915287998e-8,8.510882162533118,0.05847779654467266,6.911176949711094e-6
loc105,5,3.913853633620898e-11,8.660622681619051,0.058477801424738345,4.880065683260962e-9
loc87,5,5.906939024378599e-7,9.553441303024758,0.058551453260306134,7.365183556779156e-5
loc15,5,1.2129298328945952e-9,9.772744947293202,0.05855160449685731,1.5123655117977025e-7
loc119,5,1.744429208570326e-18,9.80714131239609,0.058551604496857534,2.1750760029690735e-16
loc68,5,2.837567231443013e-4,9.81891695809218,0.09393237180802509,0.03538076731116756
loc23,5,9.030130835165826e-8,9.841270762040564,0.09394363120495948,1.1259396934391814e-5
loc4,5,9.86504660180255e-14,10.029731119011675,0.0939436312172599,1.2300428143677974e-11
loc107,5,3.2871230666990568e-12,10.219740705582709,0.09394363162712134,4.0986143009167506e-10
loc1,5,9.403073145326853e-22,10.259861042484232,0.09394363162712134,1.1724407417670704e-19
loc135,5,7.774390928821379e-29,10.576307755627608,0.09394363162712134,9.693652837215784e-27
loc128,5,2.2549574828350275e-22,10.631435463417674,0.09394363162712134,2.811638262265593e-20
loc49,5,1.822143495125995e-4,11.159585326591587,0.11666338758364382,0.022719755956522484
loc113,5,6.058594838227683e-14,11.315462767657522,0.1166633875911981,7.554278602765133e-12
loc126,5,7.782160899211444e-21,11.436800078861564,0.1166633875911981,9.703340978216967e-19
loc120,5,7.162273073802173e-19,11.582868577739356,0.1166633875911982,8.93042160323963e-17
loc30,5,2.084021878089877e-6,11.650056713030128,0.11692323797402977,2.5985038283157644e-4
loc81,5,6.837318547534817e-6,11.707843660312864,0.1177757625376139,8.525245635841343e-4
loc79,5,1.2889739267014515e-5,11.978692602464356,0.11938294512928747,0.0016071825916735777
loc136,5,3.5708629937360375e-30,11.990493933669947,0.11938294512928747,4.45240103147037e-28
loc62,5,3.637446179190797e-4,12.292262125315156,0.16473716103887787,0.0453542159095904
loc11,5,7.820293828524368e-11,12.706259430288071,0.16473717078976566,9.750887774076591e-9
loc78,5,2.0549152745342093e-5,13.09926467379979,0.16729938247471965,0.0025622116849540093
loc111,5,4.023072417451942e-13,13.39775770612417,0.16729938252488213,5.016247280437419e-11
loc139,5,3.125530525576899e-37,13.619630671445483,0.16729938252488213,3.8971294503267653e-35
loc70,5,2.328462191205222e-4,13.658652973168122,0.19633227311757073,0.029032890592688605
loc134,5,3.3153363648674457e-28,13.826703240054773,0.19633227311757073,4.133792608817802e-26
loc95,5,3.891838561856009e-8,13.92398810650927,0.19633712573332707,4.852615756336901e-6
loc5,5,1.948431640751323e-13,14.052798684357782,0.1963371257576215,2.4294404636214323e-11
loc92,5,1.245352519649043e-7,14.373654008447904,0.19635265368141122,1.5527923789728858e-5
loc51,5,2.3779305130848134e-4,14.40426845640002,0.22600234981311984,0.02964969613170863
loc37,5,1.8882654351007372e-5,14.43561544316128,0.22835677085522657,0.002354421042106733
loc122,5,2.1070364229251395e-19,14.575154971883348,0.2283567708552266,2.6271999679725073e-17
loc32,5,4.330735615914217e-6,14.925983799510716,0.22889675717666055,5.399863214339633e-4
loc69,5,2.6033935872948476e-4,15.297706250337782,0.26135768416749816,0.03246092699083759
loc108,5,2.0329845195845736e-12,15.354625145761624,0.26135768442098484,2.534866890115908e-10
loc31,5,3.0794414081099974e-6,15.41903666978217,0.2617416506534018,3.8396623241701013e-4
loc133,5,6.156497590066259e-28,15.66913466865259,0.2617416506534018,7.676350582013431e-26
loc21,5,3.270467803770117e-8,15.84253000167424,0.26174572850075933,4.077847357470781e-6
loc91,5,1.875279498150728e-7,15.85336694930975,0.26176911079346143,2.3382292702095035e-5
loc27,5,6.25032206094774e-7,15.935869555647374,0.26184704416822263,7.79333747612353e-5
loc82,5,4.623999736404149e-6,16.107951798556133,0.26242359670557847,5.765525373558041e-4
loc138,5,1.2985777462551558e-36,16.231704852258247,0.26242359670557847,1.6191573037143303e-34
loc39,5,3.0185684691783562e-5,16.248660041996683,0.26618735840388774,0.003763761698309263
loc57,5,3.6891908530154084e-4,16.336677165510828,0.31218676299619696,0.04599940459230923
loc109,5,1.4129841825633626e-12,16.692227547638765,0.31218676317237765,1.761807227813648e-10
loc28,5,9.495834885193921e-7,17.044166164407702,0.312305163864624,1.1840069224631548e-4
loc6,5,8.946328882011446e-13,17.081046786221755,0.31230516397617303,1.1154906814407284e-10
loc121,5,3.9715527444019763e-19,17.487369735909002,0.3123051639761731,4.9520089588241094e-17
loc52,5,2.0609075583881854e-4,17.66769123773117,0.3380019968001404,0.025696832823967307
loc43,5,7.810711628076361e-5,17.72884616029845,0.3477409368183851,0.009738940018244652
loc90,5,2.549060282898921e-7,17.842194000308627,0.3477727202798418,3.178346145670766e-5
loc63,5,3.594462707357307e-4,18.168984753442903,0.3925909882836645,0.04481826800382273
loc140,5,3.257613045477508e-44,18.340173026973098,0.3925909882836645,4.0618191482726926e-42
loc112,5,2.119021862457536e-13,18.359326206094156,0.39259098831008593,2.6421442499094728e-11
loc100,5,2.456760070865014e-9,18.43701087849412,0.39259129463606635,3.0632598038017003e-7
loc71,5,1.356773048944345e-4,18.448923146993643,0.4095084872956219,0.016917192659555592
loc38,5,2.34413230542236e-5,18.7252715132586,0.4124313149462134,0.002922827650591471
loc77,5,3.0849459826861154e-5,18.982795593712297,0.41627784075788316,0.0038465258116697635
loc103,5,9.964141130878338e-11,19.18314247497054,0.4162778531818693,1.242398611390648e-8
loc96,5,1.773055624983313e-8,19.29264705320117,0.41628006395128475,2.210769415510542e-6
loc65,5,3.1844203884523215e-4,19.65295181001958,0.4559856383377897,0.039705574386504926
loc72,5,1.0630484970215951e-4,19.68031804774619,0.4692404684249276,0.013254830087137905
loc40,5,3.6767788710065705e-5,19.700265494641584,0.4738249327593126,0.004584464334385001
loc25,5,2.6075399116124837e-7,19.72884762014308,0.4738574453855669,3.2512626254295854e-5
loc41,5,4.8621712083262887e-5,19.796972856270337,0.4799199395616562,0.0060624941760892915
loc75,5,4.700673615625982e-5,19.885536700323872,0.48578106727547005,0.005861127713813876
loc131,5,1.7878644645491065e-26,20.12627286195111,0.48578106727547005,2.229234109528005e-24
loc104,5,6.835596673166512e-11,20.78952790866185,0.4857810757985688,8.523098682786312e-9
loc84,5,2.5712480423027067e-6,20.830707999676516,0.4861016769377275,3.2060113915871526e-4
loc44,5,9.640514369970317e-5,20.941338138609954,0.49812214263469107,0.012020465696963594
loc114,5,3.3548260602213516e-14,21.075709980631583,0.4981221426388741,4.183031115205364e-12
loc47,5,1.2624942107863988e-4,21.30783233127111,0.5138638009892259,0.015741658350351857
loc101,5,1.0981227554090339e-9,21.30785250539232,0.51386393791083,1.3692160403356234e-7
loc46,5,1.2598647459566192e-4,21.33664253472704,0.5295728102597562,0.015708872348926255
loc89,5,3.1586327254951065e-7,21.63179885130597,0.5296121942955753,3.938403581907368e-5
loc35,5,1.0749579011372055e-5,21.87430425041652,0.5309525267799653,0.0013403324843899948
loc24,5,1.6020121148820797e-7,22.289550025148017,0.5309725017843416,1.9975004376368592e-5
loc80,5,9.035572604835333e-6,22.443775427271035,0.532099119995577,0.0011266182112353567
loc127,5,3.0845024546969954e-21,22.604493316933393,0.532099119995577,3.8459727900389396e-19
loc8,5,1.0165155185029304e-11,22.766131035993247,0.5320991212630395,1.2674624456405698e-9
loc76,5,4.257645123993933e-5,22.991303545513148,0.5374078501543352,0.005308728891295761
loc34,5,7.993528671147856e-6,23.29122228619803,0.5384045390601526,9.966889058174145e-4
loc124,5,6.097857641603774e-20,23.498150761281433,0.5384045390601526,7.603234204410108e-18
loc129,5,1.6162719687268482e-24,23.519769981850864,0.5384045390601526,2.015280617968179e-22
loc110,5,6.359473539762834e-13,23.9748679317842,0.538404539139447,7.929435152711892e-11
loc130,5,2.4739796406494166e-25,23.994033416947957,0.538404539139447,3.084730364392807e-23
loc18,5,6.8700268819030335e-9,24.379476779994977,0.5384053957423138,8.566028668383949e-7
loc42,5,6.443475598279072e-5,24.447273302485783,0.5464395705203319,0.008034174778017994
loc50,5,2.0741776302343789e-4,24.64365046881912,0.5723018638553278,0.025862293334995935
loc98,5,9.567363610200064e-9,25.82372817631102,0.5723030567809505,1.192925622776098e-6
loc59,5,3.178080762338557e-4,26.333697920862782,0.6119295842874783,0.0396265275065278
loc10,5,4.2942908478299535e-11,26.75221683383964,0.6119295896418997,5.3544213356412015e-9
loc60,5,3.535671502544442e-4,26.804646070337668,0.6560148079000184,0.04408521825811878
loc55,5,2.94259489294526e-4,27.362630052639567,0.6927051333466446,0.03669032544662621
loc2,5,3.071041392944307e-15,27.409448146648263,0.6927051333470275,3.8291885994000126e-13
loc53,5,2.288865796496425e-4,28.20194857613279,0.721244308473866,0.028539175126838425
loc7,5,5.0727127056441446e-12,28.369694995108727,0.7212443091063673,6.32501199922329e-10
loc85,5,1.5840015878817843e-6,28.62866972449109,0.7214418134720095,1.9750436564234356e-4
loc56,5,3.3785919611806946e-4,28.95453591397163,0.7635684544528212,0.04212664098081162
loc48,5,1.5735215690880903e-4,29.51879292769392,0.7831882188334162,0.01961976438059493
loc3,5,3.881609408402241e-14,29.97720718630224,0.783188218838256,4.839861334375454e-12
loc97,5,1.3518088993165289e-8,30.117259445949784,0.783189904367874,1.6855296179735354e-6
loc115,5,1.845919299712557e-14,30.185149093350244,0.7831899043701755,2.3016209270611945e-12
loc86,5,9.075206197446967e-7,30.730470972782225,0.7833030603705744,1.131560003987822e-4
loc117,5,1.3770583349401585e-16,30.73560457690763,0.7833030603705915,1.7170123753383237e-14
loc123,5,1.1079946970856087e-19,30.82843225641902,0.7833030603705915,1.3815250657394262e-17
loc102,5,3.408159711508147e-10,31.029901731552663,0.7833031028659039,4.249531231400795e-8
loc64,5,3.6260994397293336e-4,31.43635719659614,0.8285158397140722,0.045212736848168365
loc54,5,2.6384379334524685e-4,31.450733957865847,0.8614137240545844,0.032897884340512176
loc88,5,4.124870792039457e-7,31.825405949338784,0.8614651558205227,5.143176593830439e-5
loc116,5,6.6489883240647765e-15,32.83419056414057,0.8614651558213517,8.29042237807257e-13
loc13,5,3.5046448190202897e-10,32.92931048083315,0.8614651995197077,4.3698355928288794e-8
loc9,5,1.947022939997203e-11,33.23741288033187,0.8614652019473916,2.427683997270951e-9
loc106,5,6.0611758145618844e-12,35.10971149949483,0.8614652027031413,7.557496744069562e-10
loc99,5,3.485919606040134e-9,35.23399275249702,0.8614656373519105,4.346487691289784e-7
loc26,5,4.0995222247015533e-7,35.41524164084468,0.8615167530542318,5.1115702321303234e-5
loc132,5,1.2781188991007713e-27,35.680247453251866,0.8615167530542318,1.5936477861739857e-25
loc118,5,4.372541866215362e-18,36.732933511644504,0.8615167530542324,5.451990163004213e-16
loc125,5,2.717704476622711e-20,37.01158750046242,0.8615167530542324,3.3886234885440328e-18
loc12,5,1.6517127974221115e-10,38.688744742192526,0.8615167736489394,2.0594707150163605e-8
loc93,5,9.005830558936797e-8,39.61719904462325,0.8615280027465946,1.1229097655159611e-5
loc94,5,5.912057751840196e-8,40.709399370216154,0.8615353743125378,7.3715659431854135e-6
loc74,5,5.597314611706241e-5,41.349202214519785,0.8685144965567522,0.006979122244214353
loc29,5,1.4374162799185243e-6,42.193650086043554,0.8686937236438341,1.7922708708198147e-4
loc20,5,1.992035516847795e-8,43.33417809125323,0.8686962074526516,2.483808817503561e-6
loc58,5,3.0642601001822653e-4,43.76815792116223,0.9069035395588623,0.038207332106210586
loc67,5,2.8858619069383476e-4,43.888385296101376,0.9428864785673678,0.03598293900850558
loc66,5,3.3133121631623806e-4,45.77114971662209,0.9841991654969017,0.04131268692953389
loc14,5,6.67864356468453e-10,45.92292018727608,0.9841992487708877,8.327398600390678e-8
loc17,5,4.044650612577282e-9,47.86899881095029,0.9841997530861356,5.043152479097202e-7
loc36,5,1.3672659437793199e-5,49.790597431296696,0.9859045556252014,0.0017048025390658144
loc16,5,2.2943061094695265e-9,53.179778308309075,0.9859048416952889,2.8607008743349195e-7
loc83,5,3.621662699171478e-6,55.16437662901261,0.9863564158600137,4.5157416472475385e-4
loc45,5,1.0941112659792865e-4,56.79437600205908,0.9999985582153348,0.013642142355321147
loc19,5,1.1563234015522778e-8,62.80388822971769,0.9999999999999999,1.4417846651680484e-6
loc61,6,9.510191326441298e-4,6.5054820508098645,0.04750905175426124,0.04750905175426124
loc137,6,1.939405639993867e-32,7.127614797556881,0.04750905175426124,9.688482572038137e-31
loc33,6,6.508537823223651e-6,7.393063341857737,0.047834191858886044,3.2514010462480027e-4
loc73,6,3.145153172540558e-4,8.497141934334714,0.06354609919284945,0.015711907333963413
loc22,6,3.190254648882968e-8,8.510882162533118,0.0635476929144479,1.5937215984462139e-6
loc105,6,3.932756721844028e-10,8.660622681619051,0.06354771256090255,1.964645465286581e-8
loc87,6,3.4780995427023453e-6,9.553441303024758,0.06372146428209169,1.7375172118913734e-4
loc15,6,5.835459984886225e-10,9.772744947293202,0.06372149343367875,2.9151587062299617e-8
loc119,6,4.358656860558714e-17,9.80714131239609,0.06372149343368093,2.1774078697198747e-15
loc68,6,8.308036649784606e-4,9.81891695809218,0.10522506887421992,0.041503575440538995
loc23,6,5.268274256554414e-8,9.841270762040564,0.10522770068998176,2.6318157618385608e-6
loc4,6,1.5067778925311825e-14,10.029731119011675,0.10522770069073449,7.527250127913869e-13
loc107,6,3.869920256035181e-11,10.219740705582709,0.10522770262398941,1.9332549200946316e-9
loc1,6,1.8811078349484427e-24,10.259861042484232,0.10522770262398941,9.39725042517666e-23
loc135,6,5.514476146108996e-27,10.576307755627608,0.10522770262398941,2.754808222361671e-25
loc128,6,7.711923467701209e-21,10.631435463417674,0.10522770262398941,3.8525636191277317e-19
loc49,6,3.490503253559579e-4,11.159585326591587,0.12266483864255917,0.01743713601856976
loc113,6,8.268656104179922e-13,11.315462767657522,0.12266483868386602,4.1306846235518456e-11
loc126,6,2.236911207556291e-19,11.436800078861564,0.12266483868386603,1.117469950725442e-17
loc120,6,1.8456879358693274e-17,11.582868577739356,0.12266483868386695,9.220307000936415e-16
loc30,6,2.0103254690346407e-6,11.650056713030128,0.12276526637608985,1.0042769222290238e-4
loc81,6,3.281761928925956e-5,11.707843660312864,0.12440470129358745,0.0016394349174976065
loc79,6,5.825949098972442e-5,11.978692602464356,0.12731510874765437,0.0029104074540669215
loc136,6,2.9760702903038876e-28,11.990493933669947,0.12731510874765437,1.4867237954851402e-26
loc62,6,9.46655968109644e-4,12.292262125315156,0.17460619452986947,0.04729108578221511
loc11,6,2.871201541630101e-11,12.706259430288071,0.17460619596420512,1.4343356295993979e-9
loc78,6,8.810894476268415e-5,13.09926467379979,0.17900776084661227,0.004401564882407147
loc111,6,5.006886223628715e-12,13.39775770612417,0.17900776109673597,2.501236921119712e-10
loc139,6,6.548712913513262e-35,13.619630671445483,0.17900776109673597,3.271470888991277e-33
loc70,6,7.119255201565174e-4,13.658652973168122,0.21457266743911113,0.03556490634237516
loc134,6,2.2257613890182323e-26,13.826703240054773,0.21457266743911113,1.1118999544152471e-24
loc95,6,2.6171269169759606e-7,13.92398810650927,0.21458574154181612,1.3074102704998671e-5
loc5,6,2.994820779220811e-14,14.052798684357782,0.2145857415433122,1.4960907778916356e-12
loc92,6,7.914868589555006e-7,14.373654008447904,0.21462528101087305,3.953946756085449e-5
loc51,6,4.742899305442493e-4,14.40426845640002,0.23831887884008052,0.023693597829207453
loc37,6,2.457982715061061e-5,14.43561544316128,0.2395467871335366,0.0012279082934561012
loc122,6,5.533990823191068e-18,14.575154971883348,0.2395467871335369,2.76455696212553e-16
loc32,6,4.463579858804612e-6,14.925983799510716,0.23976976944718564,2.229823136487614e-4
loc69,6,7.779947133819263e-4,15.297706250337782,0.2786352242355013,0.03886545478831563
loc108,6,2.4209381100930838e-11,15.354625145761624,0.2786352254449036,1.2094023139838842e-9
loc31,6,2.9940933951495544e-6,15.41903666978217,0.27878479818554003,1.495727406364183e-4
loc133,6,4.130347355703402e-26,15.66913466865259,0.27878479818554003,2.0633537176019946e-24
loc21,6,1.8051847419528238e-8,15.84253000167424,0.27878569998249014,9.01796950109643e-7
loc91,6,1.1640412768233141e-6,15.85336694930975,0.2788438507550313,5.815077254117588e-5
loc27,6,5.523769246207558e-7,15.935869555647374,0.2788714452618071,2.7594506775803434e-5
loc82,6,2.3021044217979517e-5,16.107951798556133,0.2800214830934838,0.001150037831676715
loc138,6,2.591676845018119e-34,16.231704852258247,0.2800214830934838,1.2946964486187752e-32
loc39,6,4.293633497293589e-5,16.248660041996683,0.28216640793289904,0.0021449248394152156
loc57,6,8.466496967773934e-4,16.336677165510828,0.32446158673765435,0.0422951788047553
loc109,6,1.6837255864483523e-11,16.692227547638765,0.32446158757877525,8.41120891060786e-10
loc28,6,8.558997440124518e-7,17.044166164407702,0.32450434485235574,4.2757273580491205e-5
loc6,6,1.850699373268186e-13,17.081046786221755,0.32450434486160107,9.24534210596986e-12
loc121,6,1.0319613406470635e-17,17.487369735909002,0.32450434486160157,5.155259558752135e-16
loc52,6,4.4798532517784014e-4,17.66769123773117,0.3468838714856866,0.02237952662408503
loc43,6,1.2195200173193549e-4,17.72884616029845,0.35297609798559904,0.006092226499912407
loc90,6,1.5607569550232474e-6,17.842194000308627,0.35305406706151643,7.79690759173922e-5
loc63,6,9.538508318988498e-4,18.168984753442903,0.4007045790049864,0.04765051194347
loc140,6,1.8087650591478686e-41,18.340173026973098,0.4007045790049864,9.035855311074103e-40
loc112,6,2.6942192352630873e-12,18.359326206094156,0.40070457913957863,1.345922460356405e-10
loc100,6,1.9264505949217627e-8,18.43701087849412,0.4007055415160217,9.6237644306587765e-07
loc71,6,4.5461917162276355e-4,18.448923146993643,0.42341646815432665,0.02271092663830496
loc38,6,3.233655865760363e-5,18.7252715132586,0.42503187123727776,0.001615403082951086
loc77,6,1.261258649983721e-4,18.982795593712297,0.4313326069870399,0.0063007357497621135
loc103,6,9.736593642045462e-10,19.18314247497054,0.4313326556271056,4.864006573285674e-8
loc96,6,1.262915096266192e-7,19.29264705320117,0.431338964637788,6.309010682353981e-6
loc65,6,8.891181992971964e-4,19.65295181001958,0.4757556972734632,0.04441673263567522
loc72,6,3.7020430538376353e-4,19.68031804774619,0.4942496001828897,0.018493902909426516
loc40,6,5.490635933008357e-5,19.700265494641584,0.4969924988034447,0.002742898620555009
loc25,6,1.9279841790280404e-7,19.72884762014308,0.49700213022903844,9.63142559373886e-6
loc41,6,7.315823491673116e-5,19.796972856270337,0.5006568183941923,0.0036546881651538517
loc75,6,1.8331803786971295e-4,19.885536700323872,0.5098146427214773,0.009157824327284918
loc131,6,1.0372653565936734e-24,20.12627286195111,0.5098146427214773,5.181756267331731e-23
loc104,6,6.721650297605427e-10,20.78952790866185,0.509814676300111,3.357863379416133e-8
loc84,6,1.3382338092859722e-5,20.830707999676516,0.5104832035370752,6.685272369642253e-4
loc44,6,1.538946442859056e-4,20.941338138609954,0.5181711546719329,0.007687951134857584
loc114,6,4.648653478781193e-13,21.075709980631583,0.5181711546951556,2.3222783972495033e-11
loc47,6,2.3609570601664786e-4,21.30783233127111,0.5299655368806305,0.011794382185474957
loc101,6,9.062764337806097e-9,21.30785250539232,0.5299659896195137,4.527388831436047e-7
loc46,6,2.18804741238131e-4,21.33664253472704,0.5408965854600603,0.01093059584054654
loc89,6,1.924989769856403e-6,21.63179885130597,0.540992750127482,9.61646674218419e-5
loc35,6,1.3007462777095939e-5,21.87430425041652,0.5416425501168373,6.497999893551269e-4
loc24,6,1.0878229901952141e-7,22.289550025148017,0.5416479844384998,5.4343216625904385e-6
loc80,6,4.2327423946664635e-5,22.443775427271035,0.5437624905571261,0.002114506118626255
loc127,6,9.115632076902909e-20,22.604493316933393,0.5437624905571261,4.553799405804808e-18
loc8,6,3.3588783840398916e-12,22.766131035993247,0.543762490724922,1.6779591651321082e-10
loc76,6,1.674898167270209e-4,22.991303545513148,0.5521296014360094,0.008367110711087419
loc34,6,9.26858062646457e-6,23.29122228619803,0.5525926220646764,4.630206286670192e-4
loc124,6,1.6293985020385038e-18,23.498150761281433,0.5525926220646765,8.139812870687027e-17
loc129,6,7.476694938360954e-23,23.519769981850864,0.5525926220646765,3.7350530035060085e-21
loc110,6,7.860205755358799e-12,23.9748679317842,0.5525926224573404,3.926639425142045e-10
loc130,6,1.2506451346310158e-23,23.994033416947957,0.5525926224573404,6.247714939467332e-22
loc18,6,3.6471834322887393e-9,24.379476779994977,0.5525928046558057,1.821984653033567e-7
loc42,6,9.719768787780322e-5,24.447273302485783,0.557448406215516,0.0048556015597102055
loc50,6,4.0648976391366844e-4,24.64365046881912,0.5777549832006273,0.020306576985111416
loc98,6,6.904557907137943e-8,25.82372817631102,0.5777584324372167,3.4492365893679473e-6
loc59,6,7.972186818193088e-4,26.333697920862782,0.6175842385792161,0.039825806141999334
loc10,6,1.575613124854153e-11,26.75221683383964,0.6175842393663283,7.871122979962192e-10
loc60,6,8.883617751931709e-4,26.804646070337668,0.6619631841272146,0.0443789447608862
loc55,6,6.644918187122315e-4,27.362630052639567,0.6951584954746424,0.03319531134742775
loc2,6,2.4799082869002844e-16,27.409448146648263,0.6951584954746547,1.2388614182828888e-14
loc53,6,5.068327501582672e-4,28.20194857613279,0.720477800346131,0.02531930487147629
loc7,6,1.6259182796151712e-12,28.369694995108727,0.7204778004273553,8.12242709351904e-11
loc85,6,8.601890615490029e-6,28.62866972449109,0.7209075159319209,4.297155045657034e-4
loc56,6,7.65537157059044e-4,28.95453591397163,0.7591506418229936,0.03824312589107261
loc48,6,2.9507422454042156e-4,29.51879292769392,0.7738913511566355,0.014740709333641943
loc3,6,5.45365602246554e-15,29.97720718630224,0.773891351156908,2.7244249597889847e-13
loc97,6,9.660187279395583e-8,30.117259445949784,0.773896176993967,4.825837058994248e-6
loc115,6,2.5960467596076993e-13,30.185149093350244,0.7738961770069358,1.2968794803924985e-11
loc86,6,5.17415662132353e-6,30.730470972782225,0.7741546568484755,2.5847984153973724e-4
loc117,6,2.6588108830451302e-15,30.73560457690763,0.7741546568486083,1.3282338862750515e-13
loc123,6,2.941176532808828e-18,30.82843225641902,0.7741546568486085,1.469292292018703e-16
loc102,6,3.0574252703624057e-9,31.029901731552663,0.7741548095851523,1.5273654379652536e-7
loc64,6,9.750609261916478e-4,31.43635719659614,0.8228648916601586,0.04871008207500633
loc54,6,5.88392024234535e-4,31.450733957865847,0.8522585664787002,0.029393674818541625
loc88,6,2.4850744347348743e-6,31.825405949338784,0.8523827107002836,1.2414422158338412e-4
loc116,6,9.812511496487511e-14,32.83419056414057,0.8523827107051856,4.9019320487251825e-12
loc13,6,1.556864138034448e-10,32.92931048083315,0.8523827184826462,7.777460659764619e-9
loc9,6,6.528156871110807e-12,33.23741288033187,0.8523827188087664,3.2612019254253625e-10
loc106,6,6.969589977916076e-11,35.10971149949483,0.8523827222904904,3.4817239695923074e-9
loc99,6,2.7116442503599758e-8,35.23399275249702,0.8523840769177803,1.3546272898981113e-6
loc26,6,3.4145976720485777e-7,35.41524164084468,0.852401134860355,1.7057942574751536e-5
loc132,6,8.499934253042059e-26,35.680247453251866,0.852401134860355,4.2462217895957244e-24
loc118,6,1.0561654672860599e-16,36.732933511644504,0.8524011348603603,5.276173540993655e-15
loc125,6,7.416442027840989e-19,37.01158750046242,0.8524011348603603,3.7049530975632215e-17
loc12,6,6.608477652771864e-11,38.688744742192526,0.8524011381616873,3.3013269244069107e-9
loc93,6,5.799906439281971e-7,39.61719904462325,0.8524301121376816,2.8973975994322076e-5
loc94,6,3.8936254059610927e-7,40.709399370216154,0.8524495631081799,1.94509704982699e-5
loc74,6,2.137368215507506e-4,41.349202214519785,0.8631269862727522,0.010677423164572321
loc29,6,1.2982592881025389e-6,42.193650086043554,0.8631918420317919,6.485575903970178e-5
loc20,6,1.0993683658085598e-8,43.33417809125323,0.8631923912315587,5.49199766812061e-7
loc58,6,7.54617509836485e-4,43.76815792116223,0.9008900159153186,0.03769762468375992
loc67,6,8.365870479377687e-4,43.888385296101376,0.9426825056698783,0.041792489754559736
loc66,6,9.281463687368269e-4,45.77114971662209,0.9890489270743024,0.04636642140442402
loc14,6,3.1239677558182673e-10,45.92292018727608,0.9890489426803759,1.5606073599925224e-8
loc17,6,2.1404255242494e-9,47.86899881095029,0.9890490496073383,1.0692696236823092e-7
loc36,6,1.7661203482817583e-5,49.790597431296696,0.9899313315736062,8.822819662679671e-4
loc16,6,1.18333800882212e-9,53.179778308309075,0.9899313906883651,5.911475886674062e-8
loc83,6,1.8339534730775005e-5,55.16437662901261,0.9908475593276342,9.161686392691094e-4
loc45,6,1.8320410561786376e-4,56.79437600205908,0.9999996920625381,0.009152132734903876
loc19,6,6.164181500115554e-9,62.80388822971769,1,3.079374618862009e-7
loc61,7,0.0018848188731225327,6.5054820508098645,0.046132819577542034,0.046132819577542034
loc137,7,2.3543765126239088e-30,7.127614797556881,0.046132819577542034,5.76257105779842e-29
loc33,7,5.311199326050578e-6,7.393063341857737,0.04626281647206757,1.2999689452553847e-4
loc73,7,8.799491248017293e-4,8.497141934334714,0.06780044790751805,0.021537631435450472
loc22,7,1.4345305627185893e-8,8.510882162533118,0.06780079902316408,3.511156460287853e-7
loc105,7,3.0873055531246177e-9,8.660622681619051,0.06780087458804306,7.55648789886573e-8
loc87,7,1.5999689595760537e-5,9.553441303024758,0.06819248292980117,3.9160834175810613e-4
loc15,7,2.1933328493964397e-10,9.772744947293202,0.06819248829820182,5.3684006488682945e-9
loc119,7,8.508285231083593e-16,9.80714131239609,0.06819248829822264,2.0824875699041647e-14
loc68,7,0.0019003809905727928,9.81891695809218,0.11470620620335198,0.04651371790512934
loc23,7,2.4012243486645225e-8,9.841270762040564,0.11470679392693234,5.877235803492497e-7
loc4,7,1.7979986792823017e-15,10.029731119011675,0.11470679392697634,4.4007808842965085e-14
loc107,7,3.5594106733369706e-10,10.219740705582709,0.11470680263898855,8.712012211730268e-9
loc1,7,2.940001828404092e-27,10.259861042484232,0.11470680263898855,7.195947358204974e-26
loc135,7,3.055851039129946e-25,10.576307755627608,0.11470680263898855,7.479499842362907e-24
loc128,7,2.060521235724527e-19,10.631435463417674,0.11470680263898855,5.0433309937041275e-18
loc49,7,5.223764019074426e-4,11.159585326591587,0.12749248546740694,0.012785682828418373
loc113,7,8.816332880547347e-12,11.315462767657522,0.12749248568319546,2.157885300883238e-10
loc126,7,5.023279177467522e-18,11.436800078861564,0.12749248568319557,1.2294976206271655e-16
loc120,7,3.7158288488594663e-16,11.582868577739356,0.12749248568320468,9.094861278711065e-15
loc30,7,1.5150274654691676e-6,11.650056713030128,0.12752956748969344,3.708180648876926e-5
loc81,7,1.2306041107425965e-4,11.707843660312864,0.13054159364360277,0.003012026153909328
loc79,7,2.057213045144031e-4,11.978692602464356,0.13557682751129896,0.005035233867696188
loc136,7,1.9377743884072948e-26,11.990493933669947,0.13557682751129896,4.742895856845762e-25
loc62,7,0.0019247654248045329,12.292262125315156,0.18268737873604043,0.04711055122474146
loc11,7,8.235582392887088e-12,12.706259430288071,0.1826873789376145,2.0157408335880054e-10
loc78,7,2.951454618424507e-4,13.09926467379979,0.1899113581403222,0.007223979202707676
loc111,7,4.868191182459047e-11,13.39775770612417,0.18991135933186049,1.1915382888611599e-9
loc139,7,1.0719590360508554e-32,13.619630671445483,0.18991135933186049,2.623726529367953e-31
loc70,7,0.0017005521799044324,13.658652973168122,0.23153406802628199,0.0416227086944215
loc134,7,1.1673998728072852e-24,13.826703240054773,0.23153406802628199,2.857327485152089e-23
loc95,7,1.374943276868462e-6,13.92398810650927,0.23156772113270277,3.36531064208012e-5
loc5,7,3.596222321867954e-15,14.052798684357782,0.2315677211327908,8.802112388688829e-14
loc92,7,3.929932978408441e-6,14.373654008447904,0.2316639101574393,9.61890246485041e-5
loc51,7,7.390582673208812e-4,14.40426845640002,0.2497530975004761,0.01808918734303682
loc37,7,2.4996812696584636e-5,14.43561544316128,0.25036491939306715,6.118218925910462e-4
loc122,7,1.1355201796241663e-16,14.575154971883348,0.25036491939306993,2.7792987602291604e-15
loc32,7,3.5941398952800117e-6,14.925983799510716,0.25045288954749156,8.797015442163359e-5
loc69,7,0.0018163665332220926,15.297706250337782,0.2949102699137019,0.044457380366210296
loc108,7,2.252284939810873e-10,15.354625145761624,0.29491027542639364,5.512691762968954e-9
loc31,7,2.274305342376047e-6,15.41903666978217,0.29496594131531284,5.566588891921248e-5
loc133,7,2.1648582743768608e-24,15.66913466865259,0.29496594131531284,5.298706289868738e-23
loc21,7,7.78436982323374e-9,15.84253000167424,0.29496613184551906,1.9053020621826017e-7
loc91,7,5.644958922642607e-6,15.85336694930975,0.29510429783866277,1.3816599314366986e-4
loc27,7,3.8138068111507745e-7,15.935869555647374,0.2951136325107647,9.334672101990438e-6
loc82,7,8.95410675108071e-5,16.107951798556133,0.29730523933896524,0.002191606828200532
loc138,7,4.04095274159857e-32,16.231704852258247,0.29730523933896524,9.890634395054756e-31
loc39,7,4.771324345597931e-5,16.248660041996683,0.29847306850451655,0.0011678291655513014
loc57,7,0.001517981299991882,16.336677165510828,0.3356271730358413,0.0371541045313247
loc109,7,1.5674559811098425e-10,16.692227547638765,0.33562717687234594,3.836504663839841e-9
loc28,7,6.0270205030794e-7,17.044166164407702,0.3356419286054394,1.4751733093487167e-5
loc6,7,2.9910035370609405e-14,17.081046786221755,0.3356419286061715,7.320779120936364e-13
loc121,7,2.0948674649574156e-16,17.487369735909002,0.33564192860617664,5.127396811325359e-15
loc52,7,7.607800124492428e-4,17.66769123773117,0.35426277730044764,0.018620848694271025
loc43,7,1.4875695945878707e-4,17.72884616029845,0.3579037520749876,0.0036409747745399517
loc90,7,7.465871004612737e-6,17.842194000308627,0.3580864867053314,1.8273463034376722e-4
loc63,7,0.001977502193103853,18.168984753442903,0.4064878228706038,0.048401336165272466
loc140,7,7.846118350117845e-39,18.340173026973098,0.4064878228706038,1.920415629276739e-37
loc112,7,2.676211655225071e-11,18.359326206094156,0.4064878235256333,6.550294630553981e-10
loc100,7,1.1801658318606327e-7,18.43701087849412,0.406490712099075,2.8885734416808826e-6
loc71,7,0.0011900859138238018,18.448923146993643,0.4356192504043249,0.02912853830524992
loc38,7,3.484941632900112e-5,18.7252715132586,0.4364722245859899,8.529741816650085e-4
loc77,7,4.028568771662607e-4,18.982795593712297,0.44633254798093447,0.009860323394944541
loc103,7,7.433002010119925e-9,19.18314247497054,0.44633272991106343,1.8193012895944055e-7
loc96,7,7.027744742533323e-7,19.29264705320117,0.44634993101642517,1.7201105361768755e-5
loc65,7,0.0019394502076917229,19.65295181001958,0.4938199069313215,0.04746997591489633
loc72,7,0.0010072096612703015,19.68031804774619,0.518472366773875,0.02465245984255343
loc40,7,6.405717988510802e-5,19.700265494641584,0.5200402300653699,0.0015678632914950276
loc25,7,1.1136943011245043e-7,19.72884762014308,0.5200429559431182,2.7258777483057088e-6
loc41,7,8.599757808183351e-5,19.796972856270337,0.522147832337518,0.0021048763943997775
loc75,7,5.585220624133349e-4,19.885536700323872,0.5358182162151501,0.01367038387763214
loc131,7,4.70148640198355e-23,20.12627286195111,0.5358182162151501,1.1507356331256032e-21
loc104,7,5.163752623255125e-9,20.78952790866185,0.5358183426031398,1.263879895881122e-7
loc84,7,5.441392476448609e-5,20.830707999676516,0.5371501776189401,0.0013318350158003697
loc44,7,1.91927336477716e-4,20.941338138609954,0.5418477903773778,0.00469761275843775
loc114,7,5.0323909258518335e-12,21.075709980631583,0.5418477905005507,1.2317278118155265e-10
loc47,7,3.4493464110606486e-4,21.30783233127111,0.5502904094657503,0.008442618965199532
loc101,7,5.843331340778678e-8,21.30785250539232,0.5502918396793072,1.430213556962907e-6
loc46,7,2.968790582353184e-4,21.33664253472704,0.5575582503807403,0.007266410701433042
loc89,7,9.165322506826757e-6,21.63179885130597,0.5577825807795954,2.2433039885522e-4
loc35,7,1.2296563524033186e-5,21.87430425041652,0.5580835514216913,3.009706420958194e-4
loc24,7,5.770862150305315e-8,22.289550025148017,0.5580849638976919,1.4124760006559734e-6
loc80,7,1.5490949082548941e-4,22.443775427271035,0.5618765280065879,0.003791564108896004
loc127,7,2.104643227055542e-18,22.604493316933393,0.5618765280065879,5.151323962922621e-17
loc8,7,8.670907958218227e-13,22.766131035993247,0.5618765280278109,2.1222911024191016e-11
loc76,7,5.14751220493481e-4,22.991303545513148,0.5744755769449116,0.012599048917100652
loc34,7,8.396106866122372e-6,23.29122228619803,0.5746810800246673,2.0550307975582564e-4
loc124,7,3.401475714001583e-17,23.498150761281433,0.5746810800246682,8.325450665265308e-16
loc129,7,2.7020595216055373e-21,23.519769981850864,0.5746810800246682,6.613559858486413e-20
loc110,7,7.589911203227483e-11,23.9748679317842,0.5746810818823745,1.8577063777379495e-9
loc130,7,4.939262468670404e-22,23.994033416947957,0.5746810818823745,1.2089336941740355e-20
loc18,7,1.5126791006225623e-9,24.379476779994977,0.5746811189067025,3.702432791970591e-8
loc42,7,1.1454647011605224e-4,24.447273302485783,0.5774847578740658,0.002803638967363317
loc50,7,6.223623497740721e-4,24.64365046881912,0.5927176963825905,0.01523293850852471
loc98,7,3.892866434669139e-7,25.82372817631102,0.592727224560997,9.52817840647681e-6
loc59,7,0.0015623561292019321,26.333697920862782,0.6309674472434733,0.038240222682476295
loc10,7,4.516455698069416e-12,26.75221683383964,0.630967447354018,1.1054475250654637e-10
loc60,7,0.0017438047196630926,26.804646070337668,0.6736488050472429,0.04268135769322481
loc55,7,0.0011723001753116817,27.362630052639567,0.7023420196842436,0.028693214637000745
loc2,7,1.564500116914276e-17,27.409448146648263,0.7023420196842439,3.829269891757796e-16
loc53,7,8.767969715687072e-4,28.20194857613279,0.723802499029139,0.02146047934489502
loc7,7,4.07143205067908e-13,28.369694995108727,0.7238024990391042,9.965235540380187e-12
loc85,7,3.6494065650193134e-5,28.62866972449109,0.7246957276513062,8.93228612201977e-4
loc56,7,0.0013551483353947819,28.95453591397163,0.7578643331598046,0.033168605508498455
loc48,7,4.3229466798887695e-4,29.51879292769392,0.7684451758110804,0.0105808426512757
loc3,7,5.986233914620237e-16,29.97720718630224,0.7684451758110951,1.4651903855070595e-14
loc97,7,5.3931912500827e-7,30.117259445949784,0.7684583761839496,1.3200372854663621e-5
loc115,7,2.852346888180229e-12,30.185149093350244,0.7684583762537637,6.981403159815849e-11
loc86,7,2.3046908108336584e-5,30.730470972782225,0.7690224722890611,5.640960352973726e-4
loc117,7,4.010629903767371e-14,30.73560457690763,0.7690224722900427,9.81641622869969e-13
loc123,7,6.099504173437026e-17,30.82843225641902,0.7690224722900442,1.4929144097515723e-15
loc102,7,2.142800769678927e-8,31.029901731552663,0.7690229967618792,5.244718349750398e-7
loc64,7,0.0020483955659267032,31.43635719659614,0.8191595188510181,0.05013652208913888
loc54,7,0.0010251247107276116,31.450733957865847,0.8442504673760238,0.025090948525005784
loc88,7,1.1696568922858496e-5,31.825405949338784,0.8445367525525409,2.8628517651703124e-4
loc116,7,1.1313443627606673e-12,32.83419056414057,0.8445367525802316,2.7690780324605814e-11
loc13,7,5.4031552889629586e-11,32.92931048083315,0.8445367539027078,1.3224760832441299e-9
loc9,7,1.7100158103223725e-12,33.23741288033187,0.8445367539445621,4.185434047657577e-11
loc106,7,6.261056273670841e-10,35.10971149949483,0.844536769269121,1.5324558956669412e-8
loc99,7,1.6479274507134176e-7,35.23399275249702,0.8445408027357233,4.033466602267971e-6
loc26,7,2.2219580994146313e-7,35.41524164084468,0.8445462411995233,5.43846379993721e-6
loc132,7,4.4162119299936764e-24,35.680247453251866,0.8445462411995233,1.080911864199814e-22
loc118,7,1.993058200644453e-15,36.732933511644504,0.844546241199572,4.878208494673414e-14
loc125,7,1.5811716292146503e-17,37.01158750046242,0.8445462411995724,3.8700750789301726e-16
loc12,7,2.0656576613297278e-11,38.688744742192526,0.8445462417051627,5.055902907063931e-10
loc93,7,2.918154182542637e-6,39.61719904462325,0.8446176664358477,7.142473068495068e-5
loc94,7,2.0033632216014e-6,40.709399370216154,0.8446667007464482,4.903431060052444e-5
loc74,7,6.376303869542623e-4,41.349202214519785,0.8602733396749873,0.015606638928539087
loc29,7,9.160735582327519e-7,42.193650086043554,0.8602957614879181,2.2421812930860375e-5
loc20,7,4.74001182426947e-9,43.33417809125323,0.8602958775044295,1.1601651140206061e-7
loc58,7,0.0014518380037472722,43.76815792116223,0.8958310589681698,0.0355351814637403
loc67,7,0.0018946838699821827,43.888385296101376,0.9422053341713685,0.04637427520319868
loc66,7,0.0020312370771711132,45.77114971662209,0.991921885154916,0.049716550983547415
loc14,7,1.1416023381179389e-10,45.92292018727608,0.9919218879491014,2.7941854490477195e-9
loc17,7,8.849306976084745e-10,47.86899881095029,0.9919219096086618,2.1659560392541844e-8
loc36,7,1.7822869306753467e-5,49.790597431296696,0.9923581420900993,4.362324814375501e-4
loc16,7,4.768220134944718e-10,53.179778308309075,0.9923581537607931,1.1670693790697595e-8
loc83,7,7.25535483627464e-5,55.16437662901261,0.9941339741348665,0.0017758203740733944
loc45,7,2.3966187042971884e-4,56.79437600205908,0.9999999371649554,0.005865963030088835
loc19,7,2.5672109168485116e-9,62.80388822971769,1,6.283504464716239e-8
loc61,8,0.0029884085924553245,6.5054820508098645,0.04278305129956351,0.04278305129956351
loc137,8,2.2865103200226607e-28,7.127614797556881,0.04278305129956351,3.273444219290548e-27
loc33,8,3.467302678077505e-6,7.393063341857737,0.042832690357864245,4.963905830073384e-5
loc73,8,0.001969533233547063,8.497141934334714,0.07102918316001071,0.02819649280214646
loc22,8,5.160410467156289e-9,8.510882162533118,0.07102925703816321,7.387815250583159e-8
loc105,8,1.9388853676939217e-8,8.660622681619051,0.07102953461544083,2.775772776167394e-7
loc87,8,5.888044640879819e-5,9.553441303024758,0.07187248666878741,8.429520533465914e-4
loc15,8,6.59513937300736e-11,9.772744947293202,0.07187248761296951,9.441820868655636e-10
loc119,8,1.3286830303809755e-14,9.80714131239609,0.07187248761315972,1.9021868158578647e-13
loc68,8,0.0034775464399753953,9.81891695809218,0.12165819901611138,0.04978571140295166
loc23,8,8.755623708004008e-9,9.841270762040564,0.12165832436453235,1.2534842096389465e-7
loc4,8,1.716403866409396e-16,10.029731119011675,0.1216583243645348,2.45726085960115e-15
loc107,8,2.619052280823029e-9,10.219740705582709,0.12165836185975831,3.7495223501090094e-8
loc1,8,3.675966083573885e-30,10.259861042484232,0.12165836185975831,5.262635301144757e-29
loc135,8,1.3547216926403062e-23,10.576307755627608,0.12165836185975831,1.9394646307465464e-22
loc128,8,4.4043463664064236e-18,10.631435463417674,0.12165836185975837,6.305408738642191e-17
loc49,8,6.254160742958505e-4,11.159585326591587,0.13061202638131125,0.00895366452155287
loc113,8,7.520228146513687e-11,11.315462767657522,0.1306120274579321,1.0766208723565845e-9
loc126,8,9.024348792939321e-17,11.436800078861564,0.1306120274579334,1.2919557865287087e-15
loc120,8,5.984710097815311e-15,11.582868577739356,0.1306120274580191,8.567910016530845e-14
loc30,8,9.134076074669213e-7,11.650056713030128,0.13062510410511022,1.3076647091140052e-5
loc81,8,3.6916425022267126e-4,11.707843660312864,0.13591018228856735,0.005285078183457122
loc79,8,5.811414334337014e-4,11.978692602464356,0.1442299963266029,0.008319814038035568
loc136,8,1.009376584310137e-24,11.990493933669947,0.1442299963266029,1.445057088115181e-23
loc62,8,0.003130786317585564,12.292262125315156,0.18905137449135503,0.044821378164752124
loc11,8,1.889796069460873e-12,12.706259430288071,0.18905137451840998,2.7054949041967962e-11
loc78,8,7.90937572849806e-4,13.09926467379979,0.2003746998626806,0.01132332534427063
loc111,8,3.786670490274661e-10,13.39775770612417,0.20037470528380402,5.42112341160343e-9
loc139,8,1.4037520839857412e-30,13.619630671445483,0.20037470528380402,2.009658169657701e-29
loc70,8,0.003249640738758125,13.658652973168122,0.24689764287086652,0.04652293758706248
loc134,8,4.898359616640158e-23,13.826703240054773,0.24689764287086652,7.012654537652855e-22
loc95,8,5.778761442078405e-6,13.92398810650927,0.24698037354158153,8.27306707150274e-5
loc5,8,3.454714907291695e-16,14.052798684357782,0.24698037354158647,4.945884758770214e-15
loc92,8,1.5610491105475864e-5,14.373654008447904,0.24720385852401594,2.2348498242946943e-4
loc51,8,9.213050285399371e-4,14.40426845640002,0.2603935677217749,0.013189709197758975
loc37,8,2.033669776958094e-5,14.43561544316128,0.2606847146506575,2.9114692888258624e-4
loc122,8,1.8639800744594496e-15,14.575154971883348,0.2606847146506842,2.66853586716004e-14
loc32,8,2.3152432792458977e-6,14.925983799510716,0.2607178604434774,3.314579279320142e-5
loc69,8,0.003392503652028965,15.297706250337782,0.30928607101051403,0.048568210567036627
loc108,8,1.676304711450482e-9,15.354625145761624,0.3092860950090498,2.399853575737506e-8
loc31,8,1.3820450086799939e-6,15.41903666978217,0.3093058808250369,1.9785815987124195e-5
loc133,8,9.077418327378998e-23,15.66913466865259,0.3093058808250369,1.299553397578646e-21
loc21,8,2.685438764758001e-9,15.84253000167424,0.3093059192706714,3.8445634484032016e-8
loc91,8,2.1899952775065798e-5,15.85336694930975,0.3096194462781225,3.135270074510954e-4
loc27,8,2.1065503274259734e-7,15.935869555647374,0.3096224620856312,3.015807508749326e-6
loc82,8,2.7861821366775906e-4,16.107951798556133,0.3136112530958146,0.003988791010183352
loc138,8,5.0405355409096476e-30,16.231704852258247,0.3136112530958146,7.216198319347939e-29
loc39,8,4.241728787563327e-5,16.248660041996683,0.3142185130962553,6.072600004407532e-4
loc57,8,0.0021773040121748632,16.336677165510828,0.3453895214659936,0.031171008369738247
loc109,8,1.1673722951016651e-9,16.692227547638765,0.3453895381784836,1.6712490023323464e-8
loc28,8,3.395255240923262e-7,17.044166164407702,0.34539439893880647,4.8607603228775464e-6
loc6,8,3.867122791710022e-15,17.081046786221755,0.34539439893886187,5.536301602034511e-14
loc121,8,3.4020419353968633e-15,17.487369735909002,0.34539439893891055,4.870476380398984e-14
loc52,8,0.0010335806908183915,17.66769123773117,0.3601914838586771,0.014797084919766572
loc43,8,1.451629012933432e-4,17.72884616029845,0.3622696842321153,0.0020782003734381984
loc90,8,2.85703573144415e-5,17.842194000308627,0.3626787069694065,4.0902273729119705e-4
loc63,8,0.003279770624885505,18.168984753442903,0.40963299402691694,0.04695428705751043
loc140,8,2.7228112508125903e-36,18.340173026973098,0.40963299402691694,3.8980671423794004e-35
loc112,8,2.1266595471732348e-10,18.359326206094156,0.4096329970715135,3.0445965365353295e-9
loc100,8,5.783865495903316e-7,18.43701087849412,0.4096412774457182,8.280374204709967e-6
loc71,8,0.0024922916950049934,18.448923146993643,0.4453217542419877,0.03568047679626954
loc38,8,3.0046037522585323e-5,18.7252715132586,0.4457519033079229,4.3014906593519806e-4
loc77,8,0.0010294076539003015,18.982795593712297,0.46048924564329446,0.014737342335371535
loc103,8,4.539535768966544e-8,19.18314247497054,0.4604898955383328,6.498950383499225e-7
loc96,8,3.128583786018482e-6,19.29264705320117,0.46053468538432313,4.478984599031611e-5
loc65,8,0.0033844472971883647,19.65295181001958,0.5089875584960657,0.048452873111742505
loc72,8,0.002192240958850233,19.68031804774619,0.5403724091621634,0.03138485066609777
loc40,8,5.978647784916746e-5,19.700265494641584,0.5412283322629398,8.559231007763834e-4
loc25,8,5.146577486885734e-8,19.72884762014308,0.5412290690640894,7.36801149596824e-7
loc41,8,8.08721910183724e-5,19.796972856270337,0.5423868622473182,0.0011577931832287924
loc75,8,0.001361336387089842,19.885536700323872,0.5618762067204495,0.019489344473131262
loc131,8,1.704788403277974e-21,20.12627286195111,0.5618762067204495,2.4406317762731735e-20
loc104,8,3.173546968210859e-8,20.78952790866185,0.5618766610559881,4.54335538605132e-7
loc84,8,1.7700196708406009e-4,20.830707999676516,0.5644106800843764,0.0025340190283883353
loc44,8,1.9148737843792022e-4,20.941338138609954,0.5671520770792892,0.0027413969949127513
loc114,8,4.358244131758422e-11,21.075709980631583,0.5671520777032298,6.239407246244212e-10
loc47,8,4.03158223052409e-4,21.30783233127111,0.5729238249074904,0.0057717472042605016
loc101,8,3.0140491254474925e-7,21.30785250539232,0.5729281399204601,4.315012969745111e-6
loc46,8,3.2224959923612457e-4,21.33664253472704,0.5775415723574401,0.004613432436979919
loc89,8,3.491057998107133e-5,21.63179885130597,0.5780413638310686,4.997914736286242e-4
loc35,8,9.299613742771249e-6,21.87430425041652,0.5781745001942914,1.331363632227463e-4
loc24,8,2.4491374245988493e-8,22.289550025148017,0.5781748508209505,3.50626659088151e-7
loc80,8,4.5354898758875634e-4,22.443775427271035,0.5846680089693589,0.006493158148408362
loc127,8,3.887408421771828e-17,22.604493316933393,0.5846680089693594,5.565343184693901e-16
loc8,8,1.7907083549589906e-13,22.766131035993247,0.5846680089719231,2.56363763663997e-12
loc76,8,0.0012655996605758018,22.991303545513148,0.6027867546279972,0.018118745656074187
loc34,8,6.084608925432581e-6,23.29122228619803,0.6028738639130032,8.710928500599796e-5
loc124,8,5.680642037398482e-16,23.498150761281433,0.6028738639130113,8.132596068491242e-15
loc129,8,7.812142363427537e-20,23.519769981850864,0.6028738639130113,1.1184122825032005e-18
loc110,8,5.863129171508391e-10,23.9748679317842,0.6028738723068621,8.393850718870892e-9
loc130,8,1.560558662653021e-20,23.994033416947957,0.6028738723068621,2.2341476827774354e-19
loc18,8,5.019101679839229e-10,24.379476779994977,0.602873879492375,7.18551289098856e-9
loc42,8,1.0799346447453125e-4,24.447273302485783,0.604419949846441,0.00154607035406606
loc50,8,7.62301890580581e-4,24.64365046881912,0.6153333172396419,0.01091336739320087
loc98,8,1.7558730661097906e-6,25.82372817631102,0.6153584549024276,2.5137662785655396e-5
loc59,8,0.0024494726278962036,26.333697920862782,0.65042591969313,0.0350674647907025
loc10,8,1.0357046029055855e-12,26.75221683383964,0.6504259197079576,1.4827491551581107e-11
loc60,8,0.0027383932854680238,26.804646070337668,0.6896296687221781,0.03920374901422057
loc55,8,0.0016545428098111324,27.362630052639567,0.7133166538580743,0.023686985135896156
loc2,8,7.895971407504515e-19,27.409448146648263,0.7133166538580743,1.1304135272533101e-17
loc53,8,0.0012134542278287917,28.20194857613279,0.7306888681563263,0.017372214298251965
loc7,8,8.156158474198485e-14,28.369694995108727,0.7306888681574939,1.1676627730557563e-12
loc85,8,1.2386270760358765e-4,28.62866972449109,0.7324621278740152,0.001773259716521293
loc56,8,0.0019190990211142627,28.95453591397163,0.7599365877174782,0.027474459843463004
loc48,8,5.06662160038349e-4,29.51879292769392,0.7671901317071435,0.00725354398966526
loc3,8,5.2566566476407676e-17,29.97720718630224,0.7671901317071442,7.525604483536452e-16
loc97,8,2.408774158820532e-6,30.117259445949784,0.7672246165191161,3.448481197184966e-5
loc115,8,2.5071606250238178e-11,30.185149093350244,0.7672246168780495,3.5893345343552865e-10
loc86,8,8.212507076652681e-5,30.730470972782225,0.7684003467044378,0.001175729826388232
loc117,8,4.839803335413117e-13,30.73560457690763,0.7684003467113666,6.928823417973539e-12
loc123,8,1.0119474501925537e-15,30.82843225641902,0.7684003467113811,1.4487376252147403e-14
loc102,8,1.2014279290606713e-7,31.029901731552663,0.7684020667155617,1.7200041805360812e-6
loc64,8,0.0034425946373599146,31.43635719659614,0.8176873964879405,0.04928532977237894
loc54,8,0.0014288170189410822,31.450733957865847,0.8381428161294766,0.020455419641536042
loc88,8,4.4042052875337615e-5,31.825405949338784,0.8387733368060202,6.305206765436064e-4
loc116,8,1.0435167939286527e-11,32.83419056414057,0.8387733369554136,1.4939333476459012e-10
loc13,8,1.500148220435273e-11,32.92931048083315,0.8387733371701798,2.1476620845578252e-10
loc9,8,3.583436034747024e-13,33.23741288033187,0.8387733371753099,5.130166205864244e-12
loc106,8,4.4996421064980975e-9,35.10971149949483,0.8387734015936829,6.441837289519238e-8
loc99,8,8.011861828716895e-7,35.23399275249702,0.8387848716415367,1.1470047853843931e-5
loc26,8,1.1567038391594263e-7,35.41524164084468,0.8387865276172226,1.655975685992129e-6
loc132,8,1.8355838744177018e-22,35.680247453251866,0.8387865276172226,2.6278829227746603e-21
loc118,8,3.008832319703338e-14,36.732933511644504,0.8387865276176534,4.307544417140374e-13
loc125,8,2.6968227747462073e-16,37.01158750046242,0.8387865276176573,3.860861175713643e-15
loc12,8,5.165415453310006e-12,38.688744742192526,0.8387865276916071,7.394980555217494e-11
loc93,8,1.174587752025223e-5,39.61719904462325,0.8389546855806508,1.6815788904369958e-4
loc94,8,8.246225621027803e-6,40.709399370216154,0.8390727412891851,1.1805570853426786e-4
loc74,8,0.0015217687150677621,41.349202214519785,0.8608588883265026,0.021786147037317558
loc29,8,5.17117510675224e-7,42.193650086043554,0.8608662915527693,7.4032262666409235e-6
loc20,8,1.6349542368496242e-9,43.33417809125323,0.8608663149593179,2.340654861057855e-8
loc58,8,0.002234598123313223,43.76815792116223,0.8928575648790851,0.03199124991976718
loc67,8,0.003432830547419795,43.888385296101376,0.9420031086925237,0.04914554381343868
loc66,8,0.003556270176903155,45.77114971662209,0.9929158552954065,0.05091274660288276
loc14,8,3.337437516041144e-11,45.92292018727608,0.9929158557732051,4.777986545024655e-10
loc17,8,2.926903387005489e-10,47.86899881095029,0.9929158599634573,4.190252232283863e-9
loc36,8,1.4388811980323221e-5,49.790597431296696,0.9931218549812231,2.0599501776567898e-4
loc16,8,1.5370704286206875e-10,53.179778308309075,0.9931218571817442,2.2005211457610957e-9
loc83,8,2.2962490411240421e-4,55.16437662901261,0.9964092436780555,0.003287386496311316
loc45,8,2.5081451944173336e-4,56.79437600205908,0.9999999877546996,0.003590744076644019
loc19,8,8.553378113817866e-10,62.80388822971769,1,1.2245300577434481e-8
loc61,9,0.0038497603986163958,6.5054820508098645,0.037777697601995036,0.037777697601995036
loc137,9,1.8042378311728075e-26,7.127614797556881,0.037777697601995036,1.7704985279765043e-25
loc33,9,1.8391378364354915e-6,7.393063341857737,0.037795745061015656,1.804745902062319e-5
loc73,9,0.0035817266045043653,8.497141934334714,0.07294322712421537,0.03514748206319972
loc22,9,1.5082803020239773e-9,8.510882162533118,0.07294324192496951,1.4800754137682424e-8
loc105,9,9.893455890745795e-8,8.660622681619051,0.0729442127697655,9.708447959867778e-7
loc87,9,1.760572850927128e-4,9.553441303024758,0.07467186285397623,0.0017276500842107257
loc15,9,1.611264290374617e-11,9.772744947293202,0.07467186301208958,1.5811335983543814e-10
loc119,9,1.6858700897542595e-13,9.80714131239609,0.07467186301374393,1.6543442669802053e-12
loc68,9,0.005170452692390978,9.81891695809218,0.1254095136864373,0.050737650672693355
loc23,9,2.5939691590676726e-9,9.841270762040564,0.12540953914105585,2.545461855635977e-8
loc4,9,1.3312909189473821e-17,10.029731119011675,0.12540953914105596,1.306395737624389e-16
loc107,9,1.5657903307188416e-8,10.219740705582709,0.1254096927920563,1.5365100031493755e-7
loc1,9,3.7343821677562726e-33,10.259861042484232,0.1254096927920563,3.664549105821807e-32
loc135,9,4.879680188334969e-22,10.576307755627608,0.1254096927920563,4.788430018024435e-21
loc128,9,7.649080046059732e-17,10.631435463417674,0.12540969279205705,7.50604201283157e-16
loc49,9,6.083841602616312e-4,11.159585326591587,0.13137976636870555,0.005970073576648512
loc113,9,5.211916180487491e-10,11.315462767657522,0.13137977148315874,5.114453186857166e-9
loc126,9,1.3172487624282636e-15,11.436800078861564,0.13137977148317168,1.2926161698660995e-14
loc120,9,7.831661409750424e-14,11.582868577739356,0.13137977148394017,7.685209099379236e-13
loc30,9,4.4743722445326234e-7,11.650056713030128,0.13138416218528548,4.390701345295753e-6
loc81,9,8.997964657592988e-4,11.707843660312864,0.1402138646257323,0.008829702440446808
loc79,9,0.001333852418645132,11.978692602464356,0.15330295799771865,0.013089093371986372
loc136,9,4.271954411861083e-23,11.990493933669947,0.15330295799771865,4.192068732350153e-22
loc62,9,0.004137637271301936,12.292262125315156,0.19390559126241907,0.04060263326470042
loc11,9,3.5233755473417663e-13,12.706259430288071,0.19390559126587656,3.45748831572944e-12
loc78,9,0.0017221527656067223,13.09926467379979,0.210805075822607,0.016899484556730435
loc111,9,2.3931547062152656e-9,13.39775770612417,0.2108050993066334,2.3484026392573462e-8
loc139,9,1.493571466545931e-28,13.619630671445483,0.2108050993066334,1.4656416339681582e-27
loc70,9,0.005045498813754007,13.658652973168122,0.2603165776068746,0.049511478300241184
loc134,9,1.6699561211137119e-21,13.826703240054773,0.2603165776068746,1.638727890044999e-20
loc95,9,1.973368177988707e-5,13.92398810650927,0.26051022422008263,1.9364661320805915e-4
loc5,9,2.696505219434573e-17,14.052798684357782,0.2605102242200829,2.6460804885055145e-16
loc92,9,5.038153068717824e-5,14.373654008447904,0.26100461816514764,4.943939450647106e-4
loc51,9,9.331502425858273e-4,14.40426845640002,0.2701616212072864,0.009157003042138769
loc37,9,1.3443105365792371e-5,14.43561544316128,0.27029353839608683,1.3191718880042048e-4
loc122,9,2.4860567839442385e-14,14.575154971883348,0.27029353839633075,2.4395674452619883e-13
loc32,9,1.2117740749102095e-6,14.925983799510716,0.2703054295349534,1.1891138622639424e-5
loc69,9,0.0051482606429103074,15.297706250337782,0.3208253096329506,0.050519880097997176
loc108,9,1.0136918809513431e-8,15.354625145761624,0.32082540910653173,9.947358114531126e-8
loc31,9,6.823685021412761e-7,15.41903666978217,0.32083210518843236,6.6960819006513126e-6
loc133,9,3.0925633159560072e-21,15.66913466865259,0.32083210518843236,3.034732286383271e-20
loc21,9,7.527147331713867e-10,15.84253000167424,0.3208321125748218,7.386389444011858e-9
loc91,9,6.903175908356197e-5,15.85336694930975,0.32150952120537707,6.774086305552531e-4
loc27,9,9.453842401156078e-8,15.935869555647374,0.3215104489109027,9.277055256118035e-7
loc82,9,7.044012351612904e-4,16.107951798556133,0.328422738013871,0.006912289102968303
loc138,9,5.108494860771837e-28,16.231704852258247,0.328422738013871,5.0129658490160524e-27
loc39,9,3.0638692144504234e-5,16.248660041996683,0.32872339549041724,3.006574765462528e-4
loc57,9,0.0025374359807230134,16.336677165510828,0.3536232539851504,0.02489985849473314
loc109,9,7.0639364012946344e-9,16.692227547638765,0.3536233233035561,6.931840572305304e-8
loc28,9,1.5540520383024542e-7,17.044166164407702,0.35362484829477325,1.5249912171639034e-6
loc6,9,4.062397045657516e-16,17.081046786221755,0.35362484829477725,3.986430095370197e-15
loc121,9,4.488964212816056e-14,17.487369735909002,0.35362484829521773,4.4050204433213735e-13
loc52,9,0.0011409143699860518,17.66769123773117,0.36482064065533304,0.011195792360115265
loc43,9,1.150952381704393e-4,17.72884616029845,0.36595007019193354,0.0011294295366005467
loc90,9,8.883298006536122e-5,17.842194000308627,0.3668217881978644,8.717180059308059e-4
loc63,9,0.004419705578009816,18.168984753442903,0.4101923576691263,0.04337056947126195
loc140,9,7.677212961993076e-34,18.340173026973098,0.4101923576691263,7.533648842367616e-33
loc112,9,1.373089518858412e-9,18.359326206094156,0.41019237114325335,1.3474127024254497e-8
loc100,9,2.3031207205721134e-6,18.43701087849412,0.4102149716661726,2.260052291927892e-5
loc71,9,0.004240751217564876,18.448923146993643,0.4518294620536877,0.04161449038751506
loc38,9,2.1047584968348202e-5,18.7252715132586,0.4520360019984781,2.0653994479041452e-4
loc77,9,0.0021372108671868432,18.982795593712297,0.47300845157775573,0.020972449579277637
loc103,9,2.2525892348551593e-7,19.18314247497054,0.4730106620435023,2.2104657465553354e-6
loc96,9,1.131626140759654e-5,19.29264705320117,0.4731217085131982,1.1104646969586812e-4
loc65,9,0.0047986629473082566,19.65295181001958,0.5202109865322828,0.047089278019084635
loc72,9,0.0038768594988201955,19.68031804774619,0.5582546075962037,0.03804362106392094
loc40,9,4.5337909642077106e-5,19.700265494641584,0.5586995084895114,4.4490089330767975e-4
loc25,9,1.9323883213680804e-8,19.72884762014308,0.5586996981147714,1.8962526000451034e-7
loc41,9,6.179247176047679e-5,19.796972856270337,0.5593060676210623,6.063695062908552e-4
loc75,9,0.0026959630923634537,19.885536700323872,0.5857615526133361,0.026455484992273775
loc131,9,5.0226064521083576e-20,20.12627286195111,0.5857615526133361,4.928683556248648e-19
loc104,9,1.5847027131378875e-7,20.78952790866185,0.5857631076820595,1.5550687234327672e-6
loc84,9,4.6781000260268525e-4,20.830707999676516,0.59035372709304,0.0045906194109805775
loc44,9,1.5522684849817491e-4,20.941338138609954,0.5918769681093855,0.0015232410163454099
loc114,9,3.0667057480025394e-10,21.075709980631583,0.5918769711187437,3.0093582557495665e-9
loc47,9,3.8285789081241527e-4,21.30783233127111,0.5956339554829777,0.0037569843642340016
loc101,9,1.2631749640159308e-6,21.30785250539232,0.5956463510185093,1.2395535531550304e-5
loc46,9,2.842029475585112e-4,21.33664253472704,0.5984352344550784,0.0027888834365691435
loc89,9,1.0804128631446772e-4,21.63179885130597,0.5994954435642961,0.0010602091092176635
loc35,9,5.714384158754288e-6,21.87430425041652,0.5995515188142801,5.607524998403439e-5
loc24,9,8.445181325212935e-9,22.289550025148017,0.5995516016868419,8.28725617346401e-8
loc80,9,0.0010789311873363415,22.443775427271035,0.6101391530947692,0.010587551407927295
loc127,9,5.833983895825744e-16,22.604493316933393,0.6101391530947748,5.7248882166958665e-15
loc8,9,3.004751172226517e-14,22.766131035993247,0.6101391530950697,2.948562232455035e-13
loc76,9,0.0025282422462110134,22.991303545513148,0.6349487934758776,0.024809640380807872
loc34,9,3.5827025456202516e-6,23.29122228619803,0.6349839505348507,3.5157058973068334e-5
loc124,9,7.708162146266019e-15,23.498150761281433,0.6349839505349263,7.564019275938284e-14
loc129,9,1.8351381178877037e-18,23.519769981850864,0.6349839505349263,1.8008209783749715e-17
loc110,9,3.6799811939274747e-9,23.9748679317842,0.6349839866465806,3.611165431884671e-8
loc130,9,4.0060970154164284e-19,23.994033416947957,0.6349839866465806,3.931182877434364e-18
loc18,9,1.3530958152681063e-10,24.379476779994977,0.6349839879743735,1.327792881710115e-9
loc42,9,8.272496778280637e-5,24.447273302485783,0.6357957680576631,8.11780083289553e-4
loc50,9,7.586370548159989e-4,24.64365046881912,0.6432402732421434,0.00744450518448036
loc98,9,6.434874787704755e-6,25.82372817631102,0.6433034186664467,6.314542430328404e-5
loc59,9,0.0031202437041518145,26.333697920862782,0.6739223691710913,0.03061895050464455
loc10,9,1.9297339067499293e-13,26.75221683383964,0.6739223691729849,1.8936478230623368e-12
loc60,9,0.003493953842617155,26.804646070337668,0.7082085371509084,0.034286167977923485
loc55,9,0.001897319878737993,27.362630052639567,0.726826936534667,0.018618399383758606
loc2,9,3.2378662412800737e-20,27.409448146648263,0.726826936534667,3.1773180425137217e-19
loc53,9,0.001364492418154582,28.20194857613279,0.7402167002123714,0.013389763677704433
loc7,9,1.3275396146960082e-14,28.369694995108727,0.7402167002125017,1.3027145828784362e-13
loc85,9,3.415719973922308e-4,28.62866972449109,0.7435685461173613,0.003351845904859627
loc56,9,0.002208163879389733,28.95453591397163,0.7652372575834605,0.02166871146609916
loc48,9,4.824812397231118e-4,29.51879292769392,0.7699718458397702,0.004734588256309714
loc3,9,3.750497741661138e-18,29.97720718630224,0.7699718458397703,3.6803633179966584e-17
loc97,9,8.741172993524878e-6,30.117259445949784,0.7700576229676546,8.57771278843198e-5
loc115,9,1.7905454350224909e-10,30.185149093350244,0.7700576247247167,1.757062180057312e-9
loc86,9,2.3777282243549663e-4,30.730470972782225,0.7723908893578013,0.0023332646330845334
loc117,9,4.7453277218553306e-12,30.73560457690763,0.7723908894043672,4.6565899468196374e-11
loc123,9,1.3640954419029667e-14,30.82843225641902,0.7723908894045011,1.3385868149870004e-13
loc102,9,5.4731458702828e-7,31.029901731552663,0.7723962602023744,5.370797873380955e-6
loc64,9,0.0047009033083665165,31.43635719659614,0.8185262229147328,0.04612996271235838
loc54,9,0.0016180796516312723,31.450733957865847,0.8344044380361821,0.015878215121449334
loc88,9,1.347410704662011e-4,31.825405949338784,0.8357266521190302,0.0013222140828480311
loc116,9,7.8203724677613e-11,32.83419056414057,0.8357266528864433,7.674131260954153e-10
loc13,9,3.3841083725579428e-12,32.92931048083315,0.8357266529196515,3.3208254414176164e-11
loc9,9,6.101302491946517e-14,33.23741288033187,0.8357266529202503,5.987207946808677e-13
loc106,9,2.627433341721719e-8,35.10971149949483,0.8357269107502759,2.5783002570403045e-7
loc99,9,3.1648430925713807e-6,35.23399275249702,0.8357579673545654,3.105660428942394e-5
loc26,9,4.8925115403904104e-8,35.41524164084468,0.8357584474567077,4.801021423399933e-7
loc132,9,6.199004199560773e-21,35.680247453251866,0.8357584474567077,6.083082629471433e-20
loc118,9,3.6906202434007396e-13,36.732933511644504,0.8357584474603293,3.6216055308040244e-12
loc125,9,3.7372243575649895e-15,37.01158750046242,0.835758447460366,3.667338146593273e-14
loc12,9,1.049483310334489e-12,38.688744742192526,0.8357584474706646,1.0298579400007905e-11
loc93,9,3.8413693879242244e-05,39.61719904462325,0.8361354010368313,3.769535661666569e-4
loc94,9,2.757871960560537e-5,40.709399370216154,0.8364060310037988,2.7062996696761084e-4
loc74,9,0.0029508808025787243,41.349202214519785,0.8653630234076422,0.02895699240384323
loc29,9,2.3717642041190312e-7,42.193650086043554,0.8653653508197823,2.3274121402113067e-6
loc20,9,4.582000652637964e-10,43.33417809125323,0.8653653553160994,4.4963170988436614e-9
loc58,9,0.002794499708203774,43.76815792116223,0.8927877800891652,0.0274224247730657
loc67,9,0.005053489225893967,43.888385296101376,0.9423776683012666,0.04958988821210147
loc66,9,0.005058855212929987,45.77114971662209,0.9920202129424943,0.04964254464122777
loc14,9,7.92747364933708e-12,45.92292018727608,0.9920202130202866,7.779229647124896e-11
loc17,9,7.86558236849836e-11,47.86899881095029,0.9920202137921362,7.718495735150384e-10
loc36,9,9.438340098128674e-6,49.790597431296696,0.9921128322206025,9.261842846636285e-5
loc16,9,4.0258223540179623e-11,53.179778308309075,0.9921128326156565,3.95053935159451e-10
loc83,9,5.904765954942598e-4,55.16437662901261,0.9979071792647765,0.005794346649119975
loc45,9,2.132700019328015e-4,56.79437600205908,0.9999999977278398,0.0020928184630632867
loc19,9,2.315459349315808e-10,62.80388822971769,1,2.272160187932799e-9
